DATE,BOGMBASEW
1975/1/8,108920
1975/1/15,107891
1975/1/22,107988
1975/1/29,106358
1975/2/5,106061
1975/2/12,105693
1975/2/19,105663
1975/2/26,104951
1975/3/5,104932
1975/3/12,104989
1975/3/19,105865
1975/3/26,106235
1975/4/2,106438
1975/4/9,106196
1975/4/16,107106
1975/4/23,107373
1975/4/30,106697
1975/5/7,106617
1975/5/14,106443
1975/5/21,107578
1975/5/28,107045
1975/6/4,107627
1975/6/11,107298
1975/6/18,108771
1975/6/25,108829
1975/7/2,109581
1975/7/9,109318
1975/7/16,109780
1975/7/23,110055
1975/7/30,108955
1975/8/6,108626
1975/8/13,108663
1975/8/20,109857
1975/8/27,109115
1975/9/3,109159
1975/9/10,108838
1975/9/17,109382
1975/9/24,109242
1975/10/1,109399
1975/10/8,108630
1975/10/15,109782
1975/10/22,110485
1975/10/29,109733
1975/11/5,110056
1975/11/12,109724
1975/11/19,111760
1975/11/26,111959
1975/12/3,112128
1975/12/10,111958
1975/12/17,113130
1975/12/24,113579
1975/12/31,114259
1976/1/7,113805
1976/1/14,112209
1976/1/21,111901
1976/1/28,110414
1976/2/4,110456
1976/2/11,109751
1976/2/18,111417
1976/2/25,110550
1976/3/3,110582
1976/3/10,110162
1976/3/17,111433
1976/3/24,111828
1976/3/31,111886
1976/4/7,111669
1976/4/14,112644
1976/4/21,114434
1976/4/28,113341
1976/5/5,114090
1976/5/12,112798
1976/5/19,113946
1976/5/26,113409
1976/6/2,113807
1976/6/9,113572
1976/6/16,114823
1976/6/23,114412
1976/6/30,115009
1976/7/7,115458
1976/7/14,115386
1976/7/21,116440
1976/7/28,115020
1976/8/4,115606
1976/8/11,114912
1976/8/18,116270
1976/8/25,115642
1976/9/1,115220
1976/9/8,115135
1976/9/15,115687
1976/9/22,115877
1976/9/29,115595
1976/10/6,115913
1976/10/13,115886
1976/10/20,117697
1976/10/27,116409
1976/11/3,116936
1976/11/10,116844
1976/11/17,118953
1976/11/24,118941
1976/12/1,119387
1976/12/8,118782
1976/12/15,120115
1976/12/22,120910
1976/12/29,121421
1977/1/5,121227
1977/1/12,120088
1977/1/19,120157
1977/1/26,119088
1977/2/2,117705
1977/2/9,117378
1977/2/16,117898
1977/2/23,118340
1977/3/2,117637
1977/3/9,117653
1977/3/16,118560
1977/3/23,119462
1977/3/30,119419
1977/4/6,119352
1977/4/13,119895
1977/4/20,121989
1977/4/27,120950
1977/5/4,121140
1977/5/11,120560
1977/5/18,121507
1977/5/25,120613
1977/6/1,121171
1977/6/8,120851
1977/6/15,121498
1977/6/22,122291
1977/6/29,122355
1977/7/6,123974
1977/7/13,123551
1977/7/20,125208
1977/7/27,123488
1977/8/3,124308
1977/8/10,123755
1977/8/17,124644
1977/8/24,124271
1977/8/31,123994
1977/9/7,124017
1977/9/14,124426
1977/9/21,124839
1977/9/28,124166
1977/10/5,125308
1977/10/12,124601
1977/10/19,126903
1977/10/26,125910
1977/11/2,125956
1977/11/9,126208
1977/11/16,127835
1977/11/23,128559
1977/11/30,128296
1977/12/7,128122
1977/12/14,128903
1977/12/21,130541
1977/12/28,131057
1978/1/4,132336
1978/1/11,130807
1978/1/18,131242
1978/1/25,129091
1978/2/1,128205
1978/2/8,128280
1978/2/15,128741
1978/2/22,129482
1978/3/1,128174
1978/3/8,127989
1978/3/15,128432
1978/3/22,129936
1978/3/29,129875
1978/4/5,130312
1978/4/12,129887
1978/4/19,132380
1978/4/26,131384
1978/5/3,132048
1978/5/10,131775
1978/5/17,132668
1978/5/24,132163
1978/5/31,132501
1978/6/7,132313
1978/6/14,133433
1978/6/21,134347
1978/6/28,133619
1978/7/5,136098
1978/7/12,134639
1978/7/19,137693
1978/7/26,135123
1978/8/2,134853
1978/8/9,134295
1978/8/16,135490
1978/8/23,135757
1978/8/30,135304
1978/9/6,135832
1978/9/13,135741
1978/9/20,136672
1978/9/27,136246
1978/10/4,136901
1978/10/11,136822
1978/10/18,138521
1978/10/25,137858
1978/11/1,137454
1978/11/8,137663
1978/11/15,138596
1978/11/22,143392
1978/11/29,143365
1978/12/6,143458
1978/12/13,143048
1978/12/20,145090
1978/12/27,145458
1979/1/3,147608
1979/1/10,145038
1979/1/17,145457
1979/1/24,143250
1979/1/31,142160
1979/2/7,141405
1979/2/14,141212
1979/2/21,142733
1979/2/28,141073
1979/3/7,141989
1979/3/14,141562
1979/3/21,143287
1979/3/28,141980
1979/4/4,143118
1979/4/11,142747
1979/4/18,145653
1979/4/25,145054
1979/5/2,145129
1979/5/9,143978
1979/5/16,144700
1979/5/23,144532
1979/5/30,144522
1979/6/6,144925
1979/6/13,144903
1979/6/20,146707
1979/6/27,145979
1979/7/4,148004
1979/7/11,146961
1979/7/18,149440
1979/7/25,148364
1979/8/1,147810
1979/8/8,147530
1979/8/15,148524
1979/8/22,149297
1979/8/29,148799
1979/9/5,149374
1979/9/12,148881
1979/9/19,150141
1979/9/26,149513
1979/10/3,150234
1979/10/10,150234
1979/10/17,152296
1979/10/24,151737
1979/10/31,152419
1979/11/7,151735
1979/11/14,153045
1979/11/21,155241
1979/11/28,154878
1979/12/5,154989
1979/12/12,154883
1979/12/19,156812
1979/12/26,157844
1980/1/2,158907
1980/1/9,158396
1980/1/16,156502
1980/1/23,155022
1980/1/30,153618
1980/2/6,153263
1980/2/13,152560
1980/2/20,155857
1980/2/27,153814
1980/3/5,153892
1980/3/12,153620
1980/3/19,156080
1980/3/26,155416
1980/4/2,156141
1980/4/9,157210
1980/4/16,158098
1980/4/23,159240
1980/4/30,157373
1980/5/7,157215
1980/5/14,156991
1980/5/21,158912
1980/5/28,158076
1980/6/4,159004
1980/6/11,158109
1980/6/18,158753
1980/6/25,159100
1980/7/2,159984
1980/7/9,160064
1980/7/16,161260
1980/7/23,161607
1980/7/30,157177
1980/8/6,157419
1980/8/13,157117
1980/8/20,159827
1980/8/27,158500
1980/9/3,159348
1980/9/10,158678
1980/9/17,159488
1980/9/24,159750
1980/10/1,159713
1980/10/8,159357
1980/10/15,160473
1980/10/22,162544
1980/10/29,161224
1980/11/5,161884
1980/11/12,162708
1980/11/19,161846
1980/11/26,161652
1980/12/3,162151
1980/12/10,161599
1980/12/17,163422
1980/12/24,164171
1980/12/31,164836
1981/1/7,164274
1981/1/14,161767
1981/1/21,161163
1981/1/28,158360
1981/2/4,158179
1981/2/11,157806
1981/2/18,160237
1981/2/25,159255
1981/3/4,159228
1981/3/11,158045
1981/3/18,160243
1981/3/25,160337
1981/4/1,160902
1981/4/8,160277
1981/4/15,162272
1981/4/22,164164
1981/4/29,162883
1981/5/6,163054
1981/5/13,162311
1981/5/20,164148
1981/5/27,163349
1981/6/3,163057
1981/6/10,162852
1981/6/17,163864
1981/6/24,164712
1981/7/1,164784
1981/7/8,165283
1981/7/15,166076
1981/7/22,168003
1981/7/29,165256
1981/8/5,165072
1981/8/12,165296
1981/8/19,167573
1981/8/26,166622
1981/9/2,165560
1981/9/9,164169
1981/9/16,164933
1981/9/23,165442
1981/9/30,163952
1981/10/7,163468
1981/10/14,164586
1981/10/21,166974
1981/10/28,164928
1981/11/4,164814
1981/11/11,165486
1981/11/18,168004
1981/11/25,168453
1981/12/2,168809
1981/12/9,168419
1981/12/16,170255
1981/12/23,171881
1981/12/30,172413
1982/1/6,172713
1982/1/13,169995
1982/1/20,170907
1982/1/27,167452
1982/2/3,167346
1982/2/10,166222
1982/2/17,169000
1982/2/24,167573
1982/3/3,167027
1982/3/10,164438
1982/3/17,166715
1982/3/24,167029
1982/3/31,166346
1982/4/7,166409
1982/4/14,168140
1982/4/21,170982
1982/4/28,169136
1982/5/5,169206
1982/5/12,169135
1982/5/19,170885
1982/5/26,169994
1982/6/2,171050
1982/6/9,170691
1982/6/16,172257
1982/6/23,172153
1982/6/30,171797
1982/7/7,172924
1982/7/14,173001
1982/7/21,175374
1982/7/28,172519
1982/8/4,172691
1982/8/11,173134
1982/8/18,175291
1982/8/25,174457
1982/9/1,173715
1982/9/8,173127
1982/9/15,173432
1982/9/22,174373
1982/9/29,172566
1982/10/6,173289
1982/10/13,173851
1982/10/20,177024
1982/10/27,175258
1982/11/3,175255
1982/11/10,175678
1982/11/17,178123
1982/11/24,178475
1982/12/1,178728
1982/12/8,178339
1982/12/15,179804
1982/12/22,181958
1982/12/29,182538
1983/1/5,182517
1983/1/12,179643
1983/1/19,179673
1983/1/26,176803
1983/2/2,176091
1983/2/9,175555
1983/2/16,177314
1983/2/23,178118
1983/3/2,177627
1983/3/9,175950
1983/3/16,176789
1983/3/23,178520
1983/3/30,177761
1983/4/6,178515
1983/4/13,179296
1983/4/20,181773
1983/4/27,180040
1983/5/4,180762
1983/5/11,180544
1983/5/18,181704
1983/5/25,181571
1983/6/1,182197
1983/6/8,182632
1983/6/15,182999
1983/6/22,184045
1983/6/29,183479
1983/7/6,185310
1983/7/13,184692
1983/7/20,187199
1983/7/27,184262
1983/8/3,184677
1983/8/10,184829
1983/8/17,186238
1983/8/24,186031
1983/8/31,184980
1983/9/7,185104
1983/9/14,184835
1983/9/21,186108
1983/9/28,183761
1983/10/5,184709
1983/10/12,185498
1983/10/19,187812
1983/10/26,187327
1983/11/2,186179
1983/11/9,187041
1983/11/16,189176
1983/11/23,190436
1983/11/30,190427
1983/12/7,190124
1983/12/14,190521
1983/12/21,193265
1983/12/28,193477
1984/1/4,195406
1984/1/11,193392
1984/1/18,191650
1984/1/25,189398
1984/2/1,188189
1984/2/8,186954
1984/2/15,186954
1984/2/22,186628
1984/2/29,186628
1984/3/7,188943
1984/3/14,188943
1984/3/21,188793
1984/3/28,188793
1984/4/4,191496
1984/4/11,191496
1984/4/18,192803
1984/4/25,192803
1984/5/2,192356
1984/5/9,192356
1984/5/16,192704
1984/5/23,192704
1984/5/30,193546
1984/6/6,193546
1984/6/13,196219
1984/6/20,196219
1984/6/27,196252
1984/7/4,196252
1984/7/11,198775
1984/7/18,198775
1984/7/25,196492
1984/8/1,196492
1984/8/8,197321
1984/8/15,197321
1984/8/22,195892
1984/8/29,195892
1984/9/5,198650
1984/9/12,198650
1984/9/19,197190
1984/9/26,197190
1984/10/3,198122
1984/10/10,198122
1984/10/17,197732
1984/10/24,197732
1984/10/31,198697
1984/11/7,198697
1984/11/14,200504
1984/11/21,200504
1984/11/28,202202
1984/12/5,202202
1984/12/12,203861
1984/12/19,203861
1984/12/26,207010
1985/1/2,207010
1985/1/9,206195
1985/1/16,206195
1985/1/23,199865
1985/1/30,199865
1985/2/6,199639
1985/2/13,199639
1985/2/20,200566
1985/2/27,200566
1985/3/6,203036
1985/3/13,203036
1985/3/20,201910
1985/3/27,201910
1985/4/3,204524
1985/4/10,204524
1985/4/17,206216
1985/4/24,206216
1985/5/1,205512
1985/5/8,205512
1985/5/15,206308
1985/5/22,206308
1985/5/29,208336
1985/6/5,208336
1985/6/12,210756
1985/6/19,210756
1985/6/26,210476
1985/7/3,210476
1985/7/10,213923
1985/7/17,213923
1985/7/24,211019
1985/7/31,211019
1985/8/7,213061
1985/8/14,213061
1985/8/21,212087
1985/8/28,212087
1985/9/4,214929
1985/9/11,214929
1985/9/18,214404
1985/9/25,214404
1985/10/2,214868
1985/10/9,214868
1985/10/16,216436
1985/10/23,216436
1985/10/30,216512
1985/11/6,216512
1985/11/13,219354
1985/11/20,219354
1985/11/27,221492
1985/12/4,221492
1985/12/11,224155
1985/12/18,224155
1985/12/25,226328
1986/1/1,226328
1986/1/8,225727
1986/1/15,225727
1986/1/22,218094
1986/1/29,218094
1986/2/5,216402
1986/2/12,216402
1986/2/19,218479
1986/2/26,218479
1986/3/5,220871
1986/3/12,220871
1986/3/19,220873
1986/3/26,220873
1986/4/2,223869
1986/4/9,223869
1986/4/16,225865
1986/4/23,225865
1986/4/30,224996
1986/5/7,224996
1986/5/14,225993
1986/5/21,225993
1986/5/28,228025
1986/6/4,228025
1986/6/11,230844
1986/6/18,230844
1986/6/25,230026
1986/7/2,230026
1986/7/9,234569
1986/7/16,234569
1986/7/23,231834
1986/7/30,231834
1986/8/6,233076
1986/8/13,233076
1986/8/20,232752
1986/8/27,232752
1986/9/3,235456
1986/9/10,235456
1986/9/17,234996
1986/9/24,234996
1986/10/1,234802
1986/10/8,234802
1986/10/15,237716
1986/10/22,237716
1986/10/29,237857
1986/11/5,237857
1986/11/12,242023
1986/11/19,242023
1986/11/26,243726
1986/12/3,243726
1986/12/10,246588
1986/12/17,246588
1986/12/24,251712
1986/12/31,251712
1987/1/7,251201
1987/1/14,251201
1987/1/21,243836
1987/1/28,243836
1987/2/4,241860
1987/2/11,241860
1987/2/18,242518
1987/2/25,242518
1987/3/4,244329
1987/3/11,244329
1987/3/18,244367
1987/3/25,244367
1987/4/1,246542
1987/4/8,246542
1987/4/15,251194
1987/4/22,251194
1987/4/29,249789
1987/5/6,249789
1987/5/13,250226
1987/5/20,250226
1987/5/27,251500
1987/6/3,251500
1987/6/10,253977
1987/6/17,253977
1987/6/24,251969
1987/7/1,251969
1987/7/8,256368
1987/7/15,256368
1987/7/22,253443
1987/7/29,253443
1987/8/5,254775
1987/8/12,254775
1987/8/19,254000
1987/8/26,254000
1987/9/2,255606
1987/9/9,255606
1987/9/16,256930
1987/9/23,256930
1987/9/30,255751
1987/10/7,255751
1987/10/14,257722
1987/10/21,257722
1987/10/28,260311
1987/11/4,260311
1987/11/11,262144
1987/11/18,262144
1987/11/25,263291
1987/12/2,263291
1987/12/9,266312
1987/12/16,266312
1987/12/23,267732
1987/12/30,267732
1988/1/6,270034
1988/1/13,270034
1988/1/20,264535
1988/1/27,264535
1988/2/3,259968
1988/2/10,259968
1988/2/17,260815
1988/2/24,260815
1988/3/2,261984
1988/3/9,261984
1988/3/16,263089
1988/3/23,263089
1988/3/30,265492
1988/4/6,265492
1988/4/13,269876
1988/4/20,269876
1988/4/27,268223
1988/5/4,268223
1988/5/11,268955
1988/5/18,268955
1988/5/25,268866
1988/6/1,268866
1988/6/8,273844
1988/6/15,273844
1988/6/22,272316
1988/6/29,272316
1988/7/6,277328
1988/7/13,277328
1988/7/20,274644
1988/7/27,274644
1988/8/3,275158
1988/8/10,275158
1988/8/17,274469
1988/8/24,274469
1988/8/31,274987
1988/9/7,274987
1988/9/14,276159
1988/9/21,276159
1988/9/28,273979
1988/10/5,273979
1988/10/12,276169
1988/10/19,276169
1988/10/26,275200
1988/11/2,275200
1988/11/9,279866
1988/11/16,279866
1988/11/23,279018
1988/11/30,279018
1988/12/7,282660
1988/12/14,282660
1988/12/21,284123
1988/12/28,284123
1989/1/4,287506
1989/1/11,287506
1989/1/18,281381
1989/1/25,281381
1989/2/1,274205
1989/2/8,274205
1989/2/15,274971
1989/2/22,274971
1989/3/1,277391
1989/3/8,277391
1989/3/15,279119
1989/3/22,279119
1989/3/29,279514
1989/4/5,279514
1989/4/12,282520
1989/4/19,282520
1989/4/26,281461
1989/5/3,281461
1989/5/10,281156
1989/5/17,281156
1989/5/24,279823
1989/5/31,279823
1989/6/7,284475
1989/6/14,284475
1989/6/21,282308
1989/6/28,282308
1989/7/5,287580
1989/7/12,287580
1989/7/19,284747
1989/7/26,284747
1989/8/2,283863
1989/8/9,283863
1989/8/16,283879
1989/8/23,283879
1989/8/30,283802
1989/9/6,283802
1989/9/13,285566
1989/9/20,285566
1989/9/27,282035
1989/10/4,282035
1989/10/11,285242
1989/10/18,285242
1989/10/25,283836
1989/11/1,283836
1989/11/8,287248
1989/11/15,287248
1989/11/22,288347
1989/11/29,288347
1989/12/6,292256
1989/12/13,292256
1989/12/20,295032
1989/12/27,295032
1990/1/3,298562
1990/1/10,298562
1990/1/17,293131
1990/1/24,293131
1990/1/31,285378
1990/2/7,285378
1990/2/14,287613
1990/2/21,287613
1990/2/28,290273
1990/3/7,290273
1990/3/14,292910
1990/3/21,292910
1990/3/28,293183
1990/4/4,293183
1990/4/11,298766
1990/4/18,298766
1990/4/25,297222
1990/5/2,297222
1990/5/9,297925
1990/5/16,297925
1990/5/23,296312
1990/5/30,296312
1990/6/6,301894
1990/6/13,301894
1990/6/20,300963
1990/6/27,300963
1990/7/4,304719
1990/7/11,304719
1990/7/18,303468
1990/7/25,303468
1990/8/1,303344
1990/8/8,303344
1990/8/15,305408
1990/8/22,305408
1990/8/29,306343
1990/9/5,306343
1990/9/12,309771
1990/9/19,309771
1990/9/26,306590
1990/10/3,306590
1990/10/10,309970
1990/10/17,309970
1990/10/24,308025
1990/10/31,308025
1990/11/7,312608
1990/11/14,312608
1990/11/21,314345
1990/11/28,314345
1990/12/5,316378
1990/12/12,316378
1990/12/19,314285
1990/12/26,314285
1991/1/2,315373
1991/1/9,315373
1991/1/16,308647
1991/1/23,308647
1991/1/30,304763
1991/2/6,304763
1991/2/13,307065
1991/2/20,307065
1991/2/27,308374
1991/3/6,308374
1991/3/13,312045
1991/3/20,312045
1991/3/27,311353
1991/4/3,311353
1991/4/10,315526
1991/4/17,315526
1991/4/24,313126
1991/5/1,313126
1991/5/8,314369
1991/5/15,314369
1991/5/22,313882
1991/5/29,313882
1991/6/5,317946
1991/6/12,317946
1991/6/19,317436
1991/6/26,317436
1991/7/3,320669
1991/7/10,320669
1991/7/17,319885
1991/7/24,319885
1991/7/31,319218
1991/8/7,319218
1991/8/14,319896
1991/8/21,319896
1991/8/28,320852
1991/9/4,320852
1991/9/11,323965
1991/9/18,323965
1991/9/25,319653
1991/10/2,319653
1991/10/9,323409
1991/10/16,323409
1991/10/23,322857
1991/10/30,322857
1991/11/6,327738
1991/11/13,327738
1991/11/20,327910
1991/11/27,327910
1991/12/4,333705
1991/12/11,333705
1991/12/18,335221
1991/12/25,335221
1992/1/1,339002
1992/1/8,339002
1992/1/15,333438
1992/1/22,333438
1992/1/29,327498
1992/2/5,327498
1992/2/12,331682
1992/2/19,331682
1992/2/26,332497
1992/3/4,332497
1992/3/11,336736
1992/3/18,336736
1992/3/25,335321
1992/4/1,335321
1992/4/8,333112
1992/4/15,333112
1992/4/22,332898
1992/4/29,332898
1992/5/6,334273
1992/5/13,334273
1992/5/20,334183
1992/5/27,334183
1992/6/3,336665
1992/6/10,336665
1992/6/17,336861
1992/6/24,336861
1992/7/1,338374
1992/7/8,338374
1992/7/15,341258
1992/7/22,341258
1992/7/29,340948
1992/8/5,340948
1992/8/12,343506
1992/8/19,343506
1992/8/26,342561
1992/9/2,342561
1992/9/9,348657
1992/9/16,348657
1992/9/23,345770
1992/9/30,345770
1992/10/7,349365
1992/10/14,349365
1992/10/21,349449
1992/10/28,349449
1992/11/4,353556
1992/11/11,353556
1992/11/18,357015
1992/11/25,357015
1992/12/2,358077
1992/12/9,358077
1992/12/16,361330
1992/12/23,361330
1992/12/30,367212
1993/1/6,367212
1993/1/13,361790
1993/1/20,361790
1993/1/27,355621
1993/2/3,355621
1993/2/10,359407
1993/2/17,359407
1993/2/24,360762
1993/3/3,360762
1993/3/10,362484
1993/3/17,362484
1993/3/24,363383
1993/3/31,363383
1993/4/7,368066
1993/4/14,368066
1993/4/21,369672
1993/4/28,369672
1993/5/5,368567
1993/5/12,368567
1993/5/19,371299
1993/5/26,371299
1993/6/2,375043
1993/6/9,375043
1993/6/16,375487
1993/6/23,375487
1993/6/30,377576
1993/7/7,377576
1993/7/14,381085
1993/7/21,381085
1993/7/28,377455
1993/8/4,377455
1993/8/11,381660
1993/8/18,381660
1993/8/25,381123
1993/9/1,381123
1993/9/8,385709
1993/9/15,385709
1993/9/22,383753
1993/9/29,383753
1993/10/6,387573
1993/10/13,387573
1993/10/20,388688
1993/10/27,388688
1993/11/3,388737
1993/11/10,388737
1993/11/17,393009
1993/11/24,393009
1993/12/1,394884
1993/12/8,394884
1993/12/15,397831
1993/12/22,397831
1993/12/29,403232
1994/1/5,403232
1994/1/12,399245
1994/1/19,399245
1994/1/26,393816
1994/2/2,393816
1994/2/9,396983
1994/2/16,396983
1994/2/23,399712
1994/3/2,399712
1994/3/9,400102
1994/3/16,400102
1994/3/23,401140
1994/3/30,401140
1994/4/6,406497
1994/4/13,406497
1994/4/20,407710
1994/4/27,407710
1994/5/4,405350
1994/5/11,405350
1994/5/18,406973
1994/5/25,406973
1994/6/1,410543
1994/6/8,410543
1994/6/15,411065
1994/6/22,411065
1994/6/29,413560
1994/7/6,413560
1994/7/13,416941
1994/7/20,416941
1994/7/27,413343
1994/8/3,413343
1994/8/10,415950
1994/8/17,415950
1994/8/24,414987
1994/8/31,414987
1994/9/7,418350
1994/9/14,418350
1994/9/21,415223
1994/9/28,415223
1994/10/5,417983
1994/10/12,417983
1994/10/19,419046
1994/10/26,419046
1994/11/2,419321
1994/11/9,419321
1994/11/16,424371
1994/11/23,424371
1994/11/30,425258
1994/12/7,425258
1994/12/14,426745
1994/12/21,426745
1994/12/28,433193
1995/1/4,433193
1995/1/11,429049
1995/1/18,429049
1995/1/25,421033
1995/2/1,421033
1995/2/8,421990
1995/2/15,421990
1995/2/22,424014
1995/3/1,424014
1995/3/8,426751
1995/3/15,426751
1995/3/22,428458
1995/3/29,428458
1995/4/5,431310
1995/4/12,431310
1995/4/19,435511
1995/4/26,435511
1995/5/3,433334
1995/5/10,433334
1995/5/17,433888
1995/5/24,433888
1995/5/31,435212
1995/6/7,435212
1995/6/14,434766
1995/6/21,434766
1995/6/28,434687
1995/7/5,434687
1995/7/12,437884
1995/7/19,437884
1995/7/26,434129
1995/8/2,434129
1995/8/9,436485
1995/8/16,436485
1995/8/23,434643
1995/8/30,434643
1995/9/6,437873
1995/9/13,437873
1995/9/20,434966
1995/9/27,434966
1995/10/4,436030
1995/10/11,436030
1995/10/18,437358
1995/10/25,437358
1995/11/1,435720
1995/11/8,435720
1995/11/15,439144
1995/11/22,439144
1995/11/29,442377
1995/12/6,442377
1995/12/13,443193
1995/12/20,443193
1995/12/27,451098
1996/1/3,451098
1996/1/10,445756
1996/1/17,445756
1996/1/24,435703
1996/1/31,435703
1996/2/7,434264
1996/2/14,434264
1996/2/21,436898
1996/2/28,436898
1996/3/6,439435
1996/3/13,439435
1996/3/20,440632
1996/3/27,440632
1996/4/3,443149
1996/4/10,443149
1996/4/17,444605
1996/4/24,444605
1996/5/1,440890
1996/5/8,440890
1996/5/15,442648
1996/5/22,442648
1996/5/29,445472
1996/6/5,445472
1996/6/12,445801
1996/6/19,445801
1996/6/26,447648
1996/7/3,447648
1996/7/10,451988
1996/7/17,451988
1996/7/24,448143
1996/7/31,448143
1996/8/7,450693
1996/8/14,450693
1996/8/21,450492
1996/8/28,450492
1996/9/4,453891
1996/9/11,453891
1996/9/18,450880
1996/9/25,450880
1996/10/2,450699
1996/10/9,450699
1996/10/16,453598
1996/10/23,453598
1996/10/30,452590
1996/11/6,452590
1996/11/13,456708
1996/11/20,456708
1996/11/27,460086
1996/12/4,460086
1996/12/11,462364
1996/12/18,462364
1996/12/25,469244
1997/1/1,469244
1997/1/8,466689
1997/1/15,466689
1997/1/22,458453
1997/1/29,458453
1997/2/5,458206
1997/2/12,458206
1997/2/19,461141
1997/2/26,461141
1997/3/5,461577
1997/3/12,461577
1997/3/19,461933
1997/3/26,461933
1997/4/2,465062
1997/4/9,465062
1997/4/16,465940
1997/4/23,465940
1997/4/30,465090
1997/5/7,465090
1997/5/14,466108
1997/5/21,466108
1997/5/28,469704
1997/6/4,469704
1997/6/11,468769
1997/6/18,468769
1997/6/25,471075
1997/7/2,471075
1997/7/9,475424
1997/7/16,475424
1997/7/23,471072
1997/7/30,471072
1997/8/6,473360
1997/8/13,473360
1997/8/20,474330
1997/8/27,474330
1997/9/3,477430
1997/9/10,477430
1997/9/17,474150
1997/9/24,474150
1997/10/1,475141
1997/10/8,475141
1997/10/15,478166
1997/10/22,478166
1997/10/29,479137
1997/11/5,479137
1997/11/12,483631
1997/11/19,483631
1997/11/26,488365
1997/12/3,488365
1997/12/10,488981
1997/12/17,488981
1997/12/24,498185
1997/12/31,498185
1998/1/7,496774
1998/1/14,496774
1998/1/21,486831
1998/1/28,486831
1998/2/4,485945
1998/2/11,485945
1998/2/18,489859
1998/2/25,489859
1998/3/4,490778
1998/3/11,490778
1998/3/18,490693
1998/3/25,490693
1998/4/1,492157
1998/4/8,492157
1998/4/15,495824
1998/4/22,495824
1998/4/29,493096
1998/5/6,493096
1998/5/13,494200
1998/5/20,494200
1998/5/27,497708
1998/6/3,497708
1998/6/10,497652
1998/6/17,497652
1998/6/24,498693
1998/7/1,498693
1998/7/8,503295
1998/7/15,503295
1998/7/22,501496
1998/7/29,501496
1998/8/5,505031
1998/8/12,505031
1998/8/19,503610
1998/8/26,503610
1998/9/2,507988
1998/9/9,507988
1998/9/16,508297
1998/9/23,508297
1998/9/30,509954
1998/10/7,509954
1998/10/14,512858
1998/10/21,512858
1998/10/28,513944
1998/11/4,513944
1998/11/11,517026
1998/11/18,517026
1998/11/25,521361
1998/12/2,521361
1998/12/9,523111
1998/12/16,523111
1998/12/23,530109
1998/12/30,530109
1999/1/6,531695
1999/1/13,531695
1999/1/20,525480
1999/1/27,525480
1999/2/3,523810
1999/2/10,523810
1999/2/17,527231
1999/2/24,527231
1999/3/3,529876
1999/3/10,529876
1999/3/17,530752
1999/3/24,530752
1999/3/31,533158
1999/4/7,533158
1999/4/14,534908
1999/4/21,534908
1999/4/28,537146
1999/5/5,537146
1999/5/12,539548
1999/5/19,539548
1999/5/26,543319
1999/6/2,543319
1999/6/9,544177
1999/6/16,544177
1999/6/23,543956
1999/6/30,543956
1999/7/7,549077
1999/7/14,549077
1999/7/21,548233
1999/7/28,548233
1999/8/4,550333
1999/8/11,550333
1999/8/18,550681
1999/8/25,550681
1999/9/1,554834
1999/9/8,554834
1999/9/15,557042
1999/9/22,557042
1999/9/29,558448
1999/10/6,558448
1999/10/13,564178
1999/10/20,564178
1999/10/27,568675
1999/11/3,568675
1999/11/10,578945
1999/11/17,578945
1999/11/24,590114
1999/12/1,590114
1999/12/8,600914
1999/12/15,600914
1999/12/22,623631
1999/12/29,623631
2000/1/5,626869
2000/1/12,626869
2000/1/19,588940
2000/1/26,588940
2000/2/2,578062
2000/2/9,578062
2000/2/16,578414
2000/2/23,578414
2000/3/1,577087
2000/3/8,577087
2000/3/15,576894
2000/3/22,576894
2000/3/29,577451
2000/4/5,577451
2000/4/12,578619
2000/4/19,578619
2000/4/26,579066
2000/5/3,579066
2000/5/10,580064
2000/5/17,580064
2000/5/24,581368
2000/5/31,581368
2000/6/7,582432
2000/6/14,582432
2000/6/21,580846
2000/6/28,580846
2000/7/5,586458
2000/7/12,586458
2000/7/19,582690
2000/7/26,582690
2000/8/2,583147
2000/8/9,583147
2000/8/16,582921
2000/8/23,582921
2000/8/30,584612
2000/9/6,584612
2000/9/13,583927
2000/9/20,583927
2000/9/27,582991
2000/10/4,582991
2000/10/11,585945
2000/10/18,585945
2000/10/25,585201
2000/11/1,585201
2000/11/8,587816
2000/11/15,587816
2000/11/22,592856
2000/11/29,592856
2000/12/6,593716
2000/12/13,593716
2000/12/20,600515
2000/12/27,600515
2001/1/3,605483
2001/1/10,605483
2001/1/17,596914
2001/1/24,596914
2001/1/31,592435
2001/2/7,592435
2001/2/14,596503
2001/2/21,596503
2001/2/28,598050
2001/3/7,598050
2001/3/14,598898
2001/3/21,598898
2001/3/28,600135
2001/4/4,600135
2001/4/11,601536
2001/4/18,601536
2001/4/25,602482
2001/5/2,602482
2001/5/9,604094
2001/5/16,604094
2001/5/23,608044
2001/5/30,608044
2001/6/6,608620
2001/6/13,608620
2001/6/20,608399
2001/6/27,608399
2001/7/4,614420
2001/7/11,614420
2001/7/18,615907
2001/7/25,615907
2001/8/1,619032
2001/8/8,619032
2001/8/15,621467
2001/8/22,621467
2001/8/29,626940
2001/9/5,626940
2001/9/12,667412
2001/9/19,667412
2001/9/26,630748
2001/10/3,630748
2001/10/10,634426
2001/10/17,634426
2001/10/24,636826
2001/10/31,636826
2001/11/7,635782
2001/11/14,635782
2001/11/21,642604
2001/11/28,642604
2001/12/5,643287
2001/12/12,643287
2001/12/19,653923
2001/12/26,653923
2002/1/2,659930
2002/1/9,659930
2002/1/16,652179
2002/1/23,652179
2002/1/30,649587
2002/2/6,649587
2002/2/13,655271
2002/2/20,655271
2002/2/27,657321
2002/3/6,657321
2002/3/13,657943
2002/3/20,657943
2002/3/27,661137
2002/4/3,661137
2002/4/10,663255
2002/4/17,663255
2002/4/24,664081
2002/5/1,664081
2002/5/8,665556
2002/5/15,665556
2002/5/22,671425
2002/5/29,671425
2002/6/5,672481
2002/6/12,672481
2002/6/19,673438
2002/6/26,673438
2002/7/3,680268
2002/7/10,680268
2002/7/17,679002
2002/7/24,679002
2002/7/31,678557
2002/8/7,678557
2002/8/14,678493
2002/8/21,678493
2002/8/28,682392
2002/9/4,682392
2002/9/11,680464
2002/9/18,680464
2002/9/25,679655
2002/10/2,679655
2002/10/9,681277
2002/10/16,681277
2002/10/23,682498
2002/10/30,682498
2002/11/6,685340
2002/11/13,685340
2002/11/20,690035
2002/11/27,690035
2002/12/4,694976
2002/12/11,694976
2002/12/18,700058
2002/12/25,700058
2003/1/1,705024
2003/1/8,705024
2003/1/15,698187
2003/1/22,698187
2003/1/29,695812
2003/2/5,695812
2003/2/12,700744
2003/2/19,700744
2003/2/26,704149
2003/3/5,704149
2003/3/12,704272
2003/3/19,704272
2003/3/26,706899
2003/4/2,706899
2003/4/9,708600
2003/4/16,708600
2003/4/23,710883
2003/4/30,710883
2003/5/7,710810
2003/5/14,710810
2003/5/21,716382
2003/5/28,716382
2003/6/4,714790
2003/6/11,714790
2003/6/18,713857
2003/6/25,713857
2003/7/2,718537
2003/7/9,718537
2003/7/16,717402
2003/7/23,717402
2003/7/30,716946
2003/8/6,716946
2003/8/13,720899
2003/8/20,720899
2003/8/27,723122
2003/9/3,723122
2003/9/10,720463
2003/9/17,720463
2003/9/24,721232
2003/10/1,721232
2003/10/8,722346
2003/10/15,722346
2003/10/22,727073
2003/10/29,727073
2003/11/5,727171
2003/11/12,727171
2003/11/19,732024
2003/11/26,732024
2003/12/3,736179
2003/12/10,736179
2003/12/17,738953
2003/12/24,738953
2003/12/31,744930
2004/1/7,744930
2004/1/14,735027
2004/1/21,735027
2004/1/28,732470
2004/2/4,732470
2004/2/11,735083
2004/2/18,735083
2004/2/25,736571
2004/3/3,736571
2004/3/10,736621
2004/3/17,736621
2004/3/24,736984
2004/3/31,736984
2004/4/7,739667
2004/4/14,739667
2004/4/21,742511
2004/4/28,742511
2004/5/5,742861
2004/5/12,742861
2004/5/19,745135
2004/5/26,745135
2004/6/2,750001
2004/6/9,750001
2004/6/16,748515
2004/6/23,748515
2004/6/30,755958
2004/7/7,755958
2004/7/14,757930
2004/7/21,757930
2004/7/28,757370
2004/8/4,757370
2004/8/11,755406
2004/8/18,755406
2004/8/25,759035
2004/9/1,759035
2004/9/8,762939
2004/9/15,762939
2004/9/22,761759
2004/9/29,761759
2004/10/6,762192
2004/10/13,762192
2004/10/20,764584
2004/10/27,764584
2004/11/3,766874
2004/11/10,766874
2004/11/17,771109
2004/11/24,771109
2004/12/1,775087
2004/12/8,775087
2004/12/15,774201
2004/12/22,774201
2004/12/29,780571
2005/1/5,780571
2005/1/12,773586
2005/1/19,773586
2005/1/26,774902
2005/2/2,774902
2005/2/9,770725
2005/2/16,770725
2005/2/23,775062
2005/3/2,775062
2005/3/9,772512
2005/3/16,772512
2005/3/23,774133
2005/3/30,774133
2005/4/6,774750
2005/4/13,774750
2005/4/20,776501
2005/4/27,776501
2005/5/4,774449
2005/5/11,774449
2005/5/18,775610
2005/5/25,775610
2005/6/1,781595
2005/6/8,781595
2005/6/15,778943
2005/6/22,778943
2005/6/29,782767
2005/7/6,782767
2005/7/13,782567
2005/7/20,782567
2005/7/27,783283
2005/8/3,783283
2005/8/10,781969
2005/8/17,781969
2005/8/24,783366
2005/8/31,783366
2005/9/7,787682
2005/9/14,787682
2005/9/21,788255
2005/9/28,788255
2005/10/5,787596
2005/10/12,787596
2005/10/19,786721
2005/10/26,786721
2005/11/2,787692
2005/11/9,787692
2005/11/16,794976
2005/11/23,794976
2005/11/30,797895
2005/12/7,797895
2005/12/14,799406
2005/12/21,799406
2005/12/28,811991
2006/1/4,811991
2006/1/11,804049
2006/1/18,804049
2006/1/25,801900
2006/2/1,801900
2006/2/8,802595
2006/2/15,802595
2006/2/22,807517
2006/3/1,807517
2006/3/8,810684
2006/3/15,810684
2006/3/22,810133
2006/3/29,810133
2006/4/5,807796
2006/4/12,807796
2006/4/19,809782
2006/4/26,809782
2006/5/3,811309
2006/5/10,811309
2006/5/17,811888
2006/5/24,811888
2006/5/31,815697
2006/6/7,815697
2006/6/14,810627
2006/6/21,810627
2006/6/28,812482
2006/7/5,812482
2006/7/12,812034
2006/7/19,812034
2006/7/26,810482
2006/8/2,810482
2006/8/9,809022
2006/8/16,809022
2006/8/23,810097
2006/8/30,810097
2006/9/6,812507
2006/9/13,812507
2006/9/20,808658
2006/9/27,808658
2006/10/4,809411
2006/10/11,809411
2006/10/18,809469
2006/10/25,809469
2006/11/1,811489
2006/11/8,811489
2006/11/15,816165
2006/11/22,816165
2006/11/29,823169
2006/12/6,823169
2006/12/13,821930
2006/12/20,821930
2006/12/27,834786
2007/1/3,834786
2007/1/10,824798
2007/1/17,824798
2007/1/24,818628
2007/1/31,818628
2007/2/7,817343
2007/2/14,817343
2007/2/21,822746
2007/2/28,822746
2007/3/7,821244
2007/3/14,821244
2007/3/21,820304
2007/3/28,820304
2007/4/4,822222
2007/4/11,822222
2007/4/18,823000
2007/4/25,823000
2007/5/2,824583
2007/5/9,824583
2007/5/16,824256
2007/5/23,824256
2007/5/30,829476
2007/6/6,829476
2007/6/13,825686
2007/6/20,825686
2007/6/27,827830
2007/7/4,827830
2007/7/11,829789
2007/7/18,829789
2007/7/25,828362
2007/8/1,828362
2007/8/8,834129
2007/8/15,834129
2007/8/22,825399
2007/8/29,825399
2007/9/5,827953
2007/9/12,827953
2007/9/19,826060
2007/9/26,826060
2007/10/3,830569
2007/10/10,830569
2007/10/17,827528
2007/10/24,827528
2007/10/31,829875
2007/11/7,829875
2007/11/14,835395
2007/11/21,835395
2007/11/28,836090
2007/12/5,836090
2007/12/12,832075
2007/12/19,832075
2007/12/26,843621
2008/1/2,843621
2008/1/9,832705
2008/1/16,832705
2008/1/23,826979
2008/1/30,826979
2008/2/6,826776
2008/2/13,826776
2008/2/20,831800
2008/2/27,831800
2008/3/5,831500
2008/3/12,831500
2008/3/19,834666
2008/3/26,834666
2008/4/2,831929
2008/4/9,831929
2008/4/16,829273
2008/4/23,829273
2008/4/30,829977
2008/5/7,829977
2008/5/14,832619
2008/5/21,832619
2008/5/28,840843
2008/6/4,840843
2008/6/11,837637
2008/6/18,837637
2008/6/25,842914
2008/7/2,842914
2008/7/9,847282
2008/7/16,847282
2008/7/23,847310
2008/7/30,847310
2008/8/6,847444
2008/8/13,847444
2008/8/20,846685
2008/8/27,846685
2008/9/3,851525
2008/9/10,851525
2008/9/17,916189
2008/9/24,916189
2008/10/1,991451
2008/10/8,991451
2008/10/15,1151115
2008/10/22,1151115
2008/10/29,1242395
2008/11/5,1242395
2008/11/12,1483787
2008/11/19,1483787
2008/11/26,1480232
2008/12/3,1480232
2008/12/10,1666978
2008/12/17,1666978
2008/12/24,1705638
2008/12/31,1705638
2009/1/7,1753732
2009/1/14,1753732
2009/1/21,1709754
2009/1/28,1709754
2009/2/4,1527882
2009/2/11,1527882
2009/2/18,1592442
2009/2/25,1592442
2009/3/4,1542228
2009/3/11,1542228
2009/3/18,1693133
2009/3/25,1693133
2009/4/1,1733017
2009/4/8,1733017
2009/4/15,1789878
2009/4/22,1789878
2009/4/29,1709369
2009/5/6,1709369
2009/5/13,1805373
2009/5/20,1805373
2009/5/27,1772436
2009/6/3,1772436
2009/6/10,1722716
2009/6/17,1722716
2009/6/24,1621214
2009/7/1,1621214
2009/7/8,1682217
2009/7/15,1682217
2009/7/22,1672288
2009/7/29,1672288
2009/8/5,1648636
2009/8/12,1648636
2009/8/19,1744441
2009/8/26,1744441
2009/9/2,1765635
2009/9/9,1765635
2009/9/16,1795581
2009/9/23,1795581
2009/9/30,1858017
2009/10/7,1858017
2009/10/14,1927828
2009/10/21,1927828
2009/10/28,2003003
2009/11/4,2003003
2009/11/11,1989940
2009/11/18,1989940
2009/11/25,2072256
2009/12/2,2072256
2009/12/9,2036838
2009/12/16,2036838
2009/12/23,2014212
2009/12/30,2014212
2010/1/6,1953607
2010/1/13,1953607
2010/1/20,2013108
2010/1/27,2013108
2010/2/3,2065854
2010/2/10,2065854
2010/2/17,2148684
2010/2/24,2148684
2010/3/3,2121248
2010/3/10,2121248
2010/3/17,2062102
2010/3/24,2062102
2010/3/31,2055062
2010/4/7,2055062
2010/4/14,2019074
2010/4/21,2019074
2010/4/28,1975669
2010/5/5,1975669
2010/5/12,2019397
2010/5/19,2019397
2010/5/26,2019365
2010/6/2,2019365
2010/6/9,2007579
2010/6/16,2007579
2010/6/23,1994868
2010/6/30,1994868
2010/7/7,2002137
2010/7/14,2002137
2010/7/21,1985912
2010/7/28,1985912
2010/8/4,1996856
2010/8/11,1996856
2010/8/18,1994404
2010/8/25,1994404
2010/9/1,1986085
2010/9/8,1986085
2010/9/15,1955295
2010/9/22,1955295
2010/9/29,1946749
2010/10/6,1946749
2010/10/13,1966965
2010/10/20,1966965
2010/10/27,1963211
2010/11/3,1963211
2010/11/10,1963334
2010/11/17,1963334
2010/11/24,1985990
2010/12/1,1985990
2010/12/8,2031954
2010/12/15,2031954
2010/12/22,2004294
2010/12/29,2004294
2011/1/5,2016770
2011/1/12,2016770
2011/1/19,2054422
2011/1/26,2054422
2011/2/2,2104460
2011/2/9,2104460
2011/2/16,2239602
2011/2/23,2239602
2011/3/2,2326078
2011/3/9,2326078
2011/3/16,2397924
2011/3/23,2397924
2011/3/30,2468699
2011/4/6,2468699
2011/4/13,2516991
2011/4/20,2516991
2011/4/27,2484716
2011/5/4,2484716
2011/5/11,2551840
2011/5/18,2551840
2011/5/25,2609086
2011/6/1,2609086
2011/6/8,2666626
2011/6/15,2666626
2011/6/22,2629738
2011/6/29,2629738
2011/7/6,2698259
2011/7/13,2698259
2011/7/20,2675877
2011/7/27,2675877
2011/8/3,2672301
2011/8/10,2672301
2011/8/17,2648963
2011/8/24,2648963
2011/8/31,2654221
2011/9/7,2654221
2011/9/14,2634075
2011/9/21,2634075
2011/9/28,2630423
2011/10/5,2630423
2011/10/12,2658741
2011/10/19,2658741
2011/10/26,2616333
2011/11/2,2616333
2011/11/9,2633476
2011/11/16,2633476
2011/11/23,2575806
2011/11/30,2575806
2011/12/7,2639406
2011/12/14,2639406
2011/12/21,2594558
2011/12/28,2594558
2012/1/4,2643893
2012/1/11,2643893
2012/1/18,2630313
2012/1/25,2630313
2012/2/1,2659417
2012/2/8,2659417
2012/2/15,2715207
2012/2/22,2715207
2012/2/29,2692860
2012/3/7,2692860
2012/3/14,2648997
2012/3/21,2648997
2012/3/28,2637582
2012/4/4,2637582
2012/4/11,2659405
2012/4/18,2659405
2012/4/25,2617791
2012/5/2,2617791
2012/5/9,2604299
2012/5/16,2604299
2012/5/23,2626106
2012/5/30,2626106
2012/6/6,2649540
2012/6/13,2649540
2012/6/20,2588939
2012/6/27,2588939
2012/7/4,2624495
2012/7/11,2624495
2012/7/18,2656001
2012/7/25,2656001
2012/8/1,2671140
2012/8/8,2671140
2012/8/15,2650077
2012/8/22,2650077
2012/8/29,2633671
2012/9/5,2633671
2012/9/12,2605483
2012/9/19,2605483
2012/9/26,2563834
2012/10/3,2563834
2012/10/10,2612388
2012/10/17,2612388
2012/10/24,2621436
2012/10/31,2621436
2012/11/7,2643177
2012/11/14,2643177
2012/11/21,2646209
2012/11/28,2646209
2012/12/5,2676435
2012/12/12,2676435
2012/12/19,2670477
2012/12/26,2670477
2013/1/2,2690080
2013/1/9,2690080
2013/1/16,2741803
2013/1/23,2741803
2013/1/30,2799758
2013/2/6,2799758
2013/2/13,2840988
2013/2/20,2840988
2013/2/27,2886833
2013/3/6,2886833
2013/3/13,2932071
2013/3/20,2932071
2013/3/27,2965102
2013/4/3,2965102
2013/4/10,3028362
2013/4/17,3028362
2013/4/24,3004595
2013/5/1,3004595
2013/5/8,3069217
2013/5/15,3069217
2013/5/22,3158707
2013/5/29,3158707
2013/6/5,3214686
2013/6/12,3214686
2013/6/19,3177550
2013/6/26,3177550
2013/7/3,3245562
2013/7/10,3245562
2013/7/17,3288934
2013/7/24,3288934
2013/7/31,3359591
2013/8/7,3359591
2013/8/14,3383104
2013/8/21,3383104
2013/8/28,3448625
2013/9/4,3448625
2013/9/11,3485902
2013/9/18,3485902
2013/9/25,3500874
2013/10/2,3500874
2013/10/9,3578578
2013/10/16,3578578
2013/10/23,3607699
2013/10/30,3607699
2013/11/6,3665340
2013/11/13,3665340
2013/11/20,3691369
2013/11/27,3691369
2013/12/4,3736105
2013/12/11,3736105
2013/12/18,3730512
2013/12/25,3730512
2014/1/1,3652774
2014/1/8,3652774
2014/1/15,3753108
2014/1/22,3753108
2014/1/29,3757474
2014/2/5,3757474
2014/2/12,3839563
2014/2/19,3839563
2014/2/26,3865853
2014/3/5,3865853
2014/3/12,3911099
2014/3/19,3911099
2014/3/26,3864796
2014/4/2,3864796
2014/4/9,3975116
2014/4/16,3975116
2014/4/23,3895660
2014/4/30,3895660
2014/5/7,3888168
2014/5/14,3888168
2014/5/21,3921421
2014/5/28,3921421
2014/6/4,3974339
2014/6/11,3974339
2014/6/18,3950816
2014/6/25,3950816
2014/7/2,3886317
2014/7/9,3886317
2014/7/16,4000589
2014/7/23,4000589
2014/7/30,4084563
2014/8/6,4084563
2014/8/13,4076179
2014/8/20,4076179
2014/8/27,4068394
2014/9/3,4068394
2014/9/10,4083445
2014/9/17,4083445
2014/9/24,4007866
2014/10/1,4007866
2014/10/8,4065049
2014/10/15,4065049
2014/10/22,3956014
2014/10/29,3956014
2014/11/5,3871127
2014/11/12,3871127
2014/11/19,3815811
2014/11/26,3815811
2014/12/3,3759465
2014/12/10,3759465
2014/12/17,4062165
2014/12/24,4062165
2014/12/31,3929023
2015/1/7,3929023
2015/1/14,4069967
2015/1/21,4069967
2015/1/28,4004751
2015/2/4,4004751
2015/2/11,3839250
2015/2/18,3839250
2015/2/25,3776450
2015/3/4,3776450
2015/3/11,4090919
2015/3/18,4090919
2015/3/25,4043919
2015/4/1,4043919
2015/4/8,4130472
2015/4/15,4130472
2015/4/22,3995751
2015/4/29,3995751
2015/5/6,3970194
2015/5/13,3970194
2015/5/20,3939260
2015/5/27,3939260
2015/6/3,3917095
2015/6/10,3917095
2015/6/17,3940559
2015/6/24,3940559
2015/7/1,3875118
2015/7/8,3875118
2015/7/15,3995973
2015/7/22,3995973
2015/7/29,3983685
2015/8/5,3983685
2015/8/12,3919236
2015/8/19,3919236
2015/8/26,4059739
2015/9/2,4059739
2015/9/9,4099501
2015/9/16,4099501
2015/9/23,3953008
2015/9/30,3953008
2015/10/7,4055673
2015/10/14,4055673
2015/10/21,4067626
2015/10/28,4067626
2015/11/4,4049452
2015/11/11,4049452
2015/11/18,3999674
2015/11/25,3999674
2015/12/2,3932470
2015/12/9,3932470
2015/12/16,3886726
2015/12/23,3886726
2015/12/30,3637966
2016/1/6,3637966
2016/1/13,3854304
2016/1/20,3854304
2016/1/27,3798761
2016/2/3,3798761
2016/2/10,3880629
2016/2/17,3880629
2016/2/24,3881411
2016/3/2,3881411
2016/3/9,3944061
2016/3/16,3944061
2016/3/23,3855934
2016/3/30,3855934
2016/4/6,3888621
2016/4/13,3888621
2016/4/20,3867263
2016/4/27,3867263
2016/5/4,3831478
2016/5/11,3831478
2016/5/18,3826233
2016/5/25,3826233
2016/6/1,3869813
2016/6/8,3869813
2016/6/15,3861970
2016/6/22,3861970
2016/6/29,3717181
2016/7/6,3717181
2016/7/13,3782897
2016/7/20,3782897
2016/7/27,3789566
2016/8/3,3789566
2016/8/10,3826504
2016/8/17,3826504
2016/8/24,3812767
2016/8/31,3812767
2016/9/7,3843123
2016/9/14,3843123
2016/9/21,3656657
2016/9/28,3656657
2016/10/5,3539862
2016/10/12,3539862
2016/10/19,3581010
2016/10/26,3581010
2016/11/2,3624724
2016/11/9,3624724
2016/11/16,3640392
2016/11/23,3640392
2016/11/30,3615014
2016/12/7,3615014
2016/12/14,3579045
2016/12/21,3579045
2016/12/28,3406680
2017/1/4,3406680
2017/1/11,3612501
2017/1/18,3612501
2017/1/25,3635183
2017/2/1,3635183
2017/2/8,3738343
2017/2/15,3738343
2017/2/22,3763651
2017/3/1,3763651
2017/3/8,3879133
2017/3/15,3879133
2017/3/22,3843153
2017/3/29,3843153
2017/4/5,3834632
2017/4/12,3834632
2017/4/19,3831637
2017/4/26,3831637
2017/5/3,3748107
2017/5/10,3748107
2017/5/17,3779292
2017/5/24,3779292
2017/5/31,3802234
2017/6/7,3802234
2017/6/14,3796940
2017/6/21,3796940
2017/6/28,3678956
2017/7/5,3678956
2017/7/12,3800874
2017/7/19,3800874
2017/7/26,3837609
2017/8/2,3837609
2017/8/9,3899869
2017/8/16,3899869
2017/8/23,3928393
2017/8/30,3928393
2017/9/6,3939817
2017/9/13,3939817
2017/9/20,3832060
2017/9/27,3832060
2017/10/4,3789419
2017/10/11,3789419
2017/10/18,3846529
2017/10/25,3846529
2017/11/1,3865364
2017/11/8,3865364
2017/11/15,3930997
2017/11/22,3930997
2017/11/29,3909398
2017/12/6,3909398
2017/12/13,3914106
2017/12/20,3914106
2017/12/27,3738744
2018/1/3,3738744
2018/1/10,3854014
2018/1/17,3854014
2018/1/24,3814017
2018/1/31,3814017
2018/2/7,3860728
2018/2/14,3860728
2018/2/21,3849385
2018/2/28,3849385
2018/3/7,3859796
2018/3/14,3859796
2018/3/21,3753156
2018/3/28,3753156
2018/4/4,3745837
2018/4/11,3745837
2018/4/18,3738060
2018/4/25,3738060
2018/5/2,3655305
2018/5/9,3655305
2018/5/16,3681430
2018/5/23,3681430
2018/5/30,3684954
2018/6/6,3684954
2018/6/13,3675501
2018/6/20,3675501
2018/6/27,3594782
2018/7/4,3594782
2018/7/11,3632990
2018/7/18,3632990
2018/7/25,3609650
2018/8/1,3609650
2018/8/8,3607124
2018/8/15,3607124
2018/8/22,3558579
2018/8/29,3558579
2018/9/5,3594233
2018/9/12,3594233
2018/9/19,3540988
2018/9/26,3540988
2018/10/3,3522555
2018/10/10,3522555
2018/10/17,3526004
2018/10/24,3526004
2018/10/31,3508164
2018/11/7,3508164
2018/11/14,3481417
2018/11/21,3481417
2018/11/28,3443658
2018/12/5,3443658
2018/12/12,3422687
2018/12/19,3422687
2018/12/26,3357271
2019/1/2,3357271
2019/1/9,3368362
2019/1/16,3368362
2019/1/23,3323403
2019/1/30,3323403
2019/2/6,3353992
2019/2/13,3353992
2019/2/20,3347505
2019/2/27,3347505
2019/3/6,3430110
2019/3/13,3430110
2019/3/20,3347203
2019/3/27,3347203
2019/4/3,3343215
2019/4/10,3343215
2019/4/17,3282052
2019/4/24,3282052
2019/5/1,3203106
2019/5/8,3203106
2019/5/15,3245881
2019/5/22,3245881
2019/5/29,3279010
2019/6/5,3279010
2019/6/12,3314552
2019/6/19,3314552
2019/6/26,3222362
2019/7/3,3222362
2019/7/10,3256883
2019/7/17,3256883
2019/7/24,3271882
2019/7/31,3271882
2019/8/7,3292687
2019/8/14,3292687
2019/8/21,3257731
2019/8/28,3257731
2019/9/4,3235621
2019/9/11,3235621
2019/9/18,3159026
2019/9/25,3159026
2019/10/2,3252373
2019/10/9,3252373
2019/10/16,3235853
2019/10/23,3235853
2019/10/30,3282965
2019/11/6,3282965
2019/11/13,3311715
2019/11/20,3311715
2019/11/27,3340473
2019/12/4,3340473
2019/12/11,3441827
2019/12/18,3441827
2019/12/25,3436379
2020/1/1,3436379
2020/1/8,3471534
2020/1/15,3471534
2020/1/22,3412446
2020/1/29,3412446
2020/2/5,3453764
2020/2/12,3453764
2020/2/19,3438801
2020/2/26,3438801
2020/3/4,3530453
2020/3/11,3530453
2020/3/18,3884720
2020/3/25,3884720
2020/4/1,4526124
2020/4/8,4526124
2020/4/15,4899202
2020/4/22,4899202
2020/4/29,5068799
2020/5/6,5068799
2020/5/13,5144614
2020/5/20,5144614
2020/5/27,5199813
2020/6/3,5199813
2020/6/10,5085807
2020/6/17,5085807
2020/6/24,4866046
2020/7/1,4866046
2020/7/8,4772522
2020/7/15,4772522
2020/7/22,4609205
2020/7/29,4609205
