Date,Price,Open,High,Low,Vol.,
2-Jun-20,39.2,38.38,39.55,38.28,-,
1-Jun-20,38.32,37.56,38.68,37.18,212.78,
29-May-20,35.33,35.15,35.37,34.06,14.71,
28-May-20,35.29,33.92,35.95,33.62,70.99,
27-May-20,34.74,35.93,36.16,33.98,112.25,
26-May-20,36.17,35.66,36.68,35.26,129.98,
25-May-20,35.53,34.98,35.97,34.46,28.96,
22-May-20,35.13,36.18,36.23,33.54,174.59,
21-May-20,36.06,35.82,36.98,35.75,178.55,
20-May-20,35.75,34.45,36.46,34.38,191.27,
19-May-20,34.65,35.66,35.76,34.2,188.93,
18-May-20,34.81,32.78,35.72,32.69,232.25,
15-May-20,32.5,31.52,32.91,30.94,211.28,
14-May-20,31.13,29.52,31.55,28.88,222.21,
13-May-20,29.19,29.35,30.55,28.86,221.11,
12-May-20,29.98,30.07,30.7,29.35,202.47,
11-May-20,29.63,30.7,31.47,29.35,242.21,
8-May-20,30.97,29.6,31.14,29.43,147.3,
7-May-20,29.46,29.64,31.84,29.08,259.89,
6-May-20,29.72,32.27,32.27,28.66,268.46,
5-May-20,30.97,28.1,32.06,27.77,267.14,
4-May-20,27.2,26.1,28.08,25.5,215.73,
1-May-20,26.44,26.95,27.88,25.76,216.98,
30-Apr-20,25.27,22.87,25.76,22.87,9.69,
29-Apr-20,22.54,20.66,23.88,20.53,86.55,
28-Apr-20,20.46,19.9,21.29,18.73,123.22,
27-Apr-20,19.99,21.55,21.91,19.11,162.39,
24-Apr-20,21.44,21.93,22.7,20.5,187,
23-Apr-20,21.33,20.89,23.22,20.07,256.3,
22-Apr-20,20.37,20.23,22.45,15.98,344.76,
21-Apr-20,19.33,26.33,26.5,17.51,637.21,
20-Apr-20,25.57,28.05,28.25,25.37,361.83,
17-Apr-20,28.08,28.66,28.93,27.58,286.17,
16-Apr-20,27.82,28.05,29,27.2,272.98,
15-Apr-20,27.69,30.26,30.33,27.16,284.34,
14-Apr-20,29.6,32.25,32.32,29.38,297.55,
13-Apr-20,31.74,33.99,33.99,30.63,223.29,
9-Apr-20,31.48,33.82,36.4,31.18,493,
8-Apr-20,32.84,32.63,33.87,31.54,320.61,
7-Apr-20,31.87,33.66,34.18,31.74,303.42,
6-Apr-20,33.05,31.76,34.24,30.03,296.07,
3-Apr-20,34.11,29.89,35,28.25,541.28,
2-Apr-20,29.94,25.61,36.29,25.45,612.27,
1-Apr-20,24.74,25.99,26.28,24.52,347.29,
31-Mar-20,22.74,23,23.87,22.59,14.77,
30-Mar-20,22.76,23.85,24.44,21.65,62.08,
27-Mar-20,24.93,26.68,27,24.13,112.74,
26-Mar-20,26.34,27.35,27.75,26.03,139.18,
25-Mar-20,27.39,27.8,28.29,25.68,154.94,
24-Mar-20,27.15,27.72,28.65,26.69,198.91,
23-Mar-20,27.03,26.75,27.54,24.68,257.59,
20-Mar-20,26.98,28.1,30.94,26.81,313.84,
19-Mar-20,28.47,27.19,29.42,24.96,335.72,
18-Mar-20,24.88,28.4,29.21,24.52,348.4,
17-Mar-20,28.73,30.14,31.25,28.5,270.24,
16-Mar-20,30.05,35.82,35.84,29.45,330.12,
13-Mar-20,33.85,32.85,36.15,32.5,360.63,
12-Mar-20,33.22,35.99,36.46,32.5,472.74,
11-Mar-20,35.79,37.27,39.7,35.35,471.77,
10-Mar-20,37.22,35.84,38.22,35,551.29,
9-Mar-20,34.36,38.28,38.34,31.02,779.72,
6-Mar-20,45.27,50.25,50.45,45.18,636.39,
5-Mar-20,49.99,51.66,52.04,49.7,361.04,
4-Mar-20,51.13,52.11,53.03,51.04,363.5,
3-Mar-20,51.86,53.47,53.9,51.22,407.55,
2-Mar-20,51.9,48.95,53.2,48.4,417.56,
28-Feb-20,50.52,51.42,51.52,50.05,20.36,
27-Feb-20,52.18,53.18,53.25,50.97,112.16,
26-Feb-20,53.43,55.13,55.45,53.03,171.5,
25-Feb-20,54.95,56.46,56.98,54.62,210.28,
24-Feb-20,56.3,57.85,57.86,55.13,236.33,
21-Feb-20,58.5,59,59.25,57.73,236.49,
20-Feb-20,59.31,59.31,60,58.9,268.65,
19-Feb-20,59.12,57.6,59.4,57.51,262.15,
18-Feb-20,57.75,57.35,57.83,56.3,249.2,
17-Feb-20,57.67,57.29,57.7,56.83,115.34,
14-Feb-20,57.32,56.41,57.53,56.15,258.14,
13-Feb-20,56.34,55.75,56.83,54.96,325.51,
12-Feb-20,55.79,54.41,56.36,54.39,305.45,
11-Feb-20,54.01,53.62,54.69,53.6,272.81,
10-Feb-20,53.27,54.2,54.71,53.11,280.18,
7-Feb-20,54.47,55.14,55.4,54.21,270.8,
6-Feb-20,54.93,55.56,56.58,54.25,379.87,
5-Feb-20,55.28,54.05,56.46,54.05,412.27,
4-Feb-20,53.96,54.33,55.65,53.69,409.86,
3-Feb-20,54.45,56.16,56.77,54.08,477.22,
31-Jan-20,58.16,59.3,59.45,57.94,19.6,
30-Jan-20,58.29,59.6,59.65,57.71,104.27,
29-Jan-20,59.81,59.86,60.62,59.26,142.68,
28-Jan-20,59.51,59.03,60.12,58.5,248.95,
27-Jan-20,59.32,60.23,60.49,58.5,259.77,
24-Jan-20,60.69,62.01,62.46,60.25,257.95,
23-Jan-20,62.04,62.68,62.69,61.25,361.91,
22-Jan-20,63.21,64.57,64.58,62.62,273.3,
21-Jan-20,64.59,65.26,65.35,64.06,248.56,
20-Jan-20,65.2,65.98,66,64.92,154.79,
17-Jan-20,64.85,64.69,65.6,64.48,238.64,
16-Jan-20,64.62,64.26,64.97,63.9,220.17,
15-Jan-20,64,64.44,64.6,63.55,229.53,
14-Jan-20,64.49,64.29,65.05,63.92,270.5,
13-Jan-20,64.2,65.13,65.27,63.92,262.47,
10-Jan-20,64.98,65.29,65.66,64.86,272.17,
9-Jan-20,65.37,66,66.1,64.56,364.45,
8-Jan-20,65.44,71.22,71.75,64.94,560.89,
7-Jan-20,68.27,68.63,68.75,67.65,284.92,
6-Jan-20,68.91,69.35,70.74,68.21,341.14,
3-Jan-20,68.6,66.28,69.5,66.22,479.7,
2-Jan-20,66.25,66.41,66.58,65.72,205.69,
31-Dec-19,66,66.65,66.93,65.63,171.01,
30-Dec-19,68.44,68.2,68.99,68.16,29.42,
27-Dec-19,68.16,67.91,68.33,67.57,112.22,
26-Dec-19,67.92,67.27,67.99,67.22,69.82,
24-Dec-19,67.2,66.44,67.26,66.36,104.94,
23-Dec-19,66.39,66.15,66.62,65.81,130.19,
20-Dec-19,66.14,66.56,66.72,65.7,210.55,
19-Dec-19,66.54,66.19,66.78,66.03,229.21,
18-Dec-19,66.17,65.84,66.43,65.56,248.77,
17-Dec-19,66.1,65.31,66.24,65.12,239.85,
16-Dec-19,65.34,65.05,65.66,64.88,183.35,
13-Dec-19,65.22,64.56,65.79,64.5,232.75,
12-Dec-19,64.2,63.9,64.85,63.87,238.31,
11-Dec-19,63.72,64,64.26,63.01,250.14,
10-Dec-19,64.34,64.03,64.69,63.78,235.19,
9-Dec-19,64.25,64.29,64.5,63.61,239.77,
6-Dec-19,64.39,63.41,64.88,62.83,314.6,
5-Dec-19,63.39,62.97,63.91,62.75,294.84,
4-Dec-19,63,61.08,63.51,61,319.04,
3-Dec-19,60.82,61.05,61.58,60.3,248.55,
2-Dec-19,60.92,60.73,62.09,60.72,297.87,
29-Nov-19,62.43,63.77,63.86,62.36,19.65,
28-Nov-19,63.87,63.91,64,63.19,96.08,
27-Nov-19,64.06,64.02,64.6,63.51,125.47,
26-Nov-19,64.27,63.7,64.32,63.44,181.1,
25-Nov-19,63.65,63.6,63.8,62.97,212.05,
22-Nov-19,63.39,63.62,64.27,62.98,228.74,
21-Nov-19,63.97,62.22,64.03,61.92,318.49,
20-Nov-19,62.4,60.94,62.8,60.3,343.31,
19-Nov-19,60.91,62.28,62.57,60.7,296.8,
18-Nov-19,62.44,63.36,63.57,61.94,228.25,
15-Nov-19,63.3,62.47,63.65,61.7,255.68,
14-Nov-19,62.28,62.61,63.21,62.15,234.78,
13-Nov-19,62.37,61.85,62.74,61.22,273.03,
12-Nov-19,62.06,62.11,62.85,61.82,238.17,
11-Nov-19,62.18,62.6,62.76,61.57,213.34,
8-Nov-19,62.51,62.29,62.7,60.66,287.67,
7-Nov-19,62.29,61.73,62.89,61.65,261.07,
6-Nov-19,61.74,62.78,63.32,61.59,275.94,
5-Nov-19,62.96,62.04,63.19,61.85,231.67,
4-Nov-19,62.13,61.8,62.78,61.28,235.38,
1-Nov-19,61.69,59.45,61.82,59.4,236.09,
31-Oct-19,60.23,60.57,61.13,60.07,13.9,
30-Oct-19,60.61,61.6,61.93,60.45,105.87,
29-Oct-19,61.59,61.61,61.98,60.66,136.93,
28-Oct-19,61.57,62.04,62.34,61.19,167.86,
25-Oct-19,62.02,61.5,62.11,60.93,204.45,
24-Oct-19,61.67,60.99,61.9,60.64,215.54,
23-Oct-19,61.17,59.48,61.3,58.85,313.23,
22-Oct-19,59.7,59.05,60.26,58.75,260.6,
21-Oct-19,58.96,59.23,59.55,58.26,212.57,
18-Oct-19,59.42,59.78,60.29,59.01,228.14,
17-Oct-19,59.91,58.99,60.04,58.69,269.84,
16-Oct-19,59.42,58.9,59.75,58.36,257.88,
15-Oct-19,58.74,59.3,59.68,58,305.68,
14-Oct-19,59.35,60.69,60.73,58.5,283.07,
11-Oct-19,60.51,59.53,60.69,59.21,367.63,
10-Oct-19,59.1,58.04,59.6,57.8,262.53,
9-Oct-19,58.32,58.02,59.35,57.91,266.48,
8-Oct-19,58.24,58.47,58.92,57.38,274.74,
7-Oct-19,58.35,58.02,59.68,58.02,228.41,
4-Oct-19,58.37,57.69,58.96,57.67,299.92,
3-Oct-19,57.71,57.54,57.99,56.15,336.9,
2-Oct-19,57.69,59.25,59.5,57.22,307.91,
1-Oct-19,58.89,59.38,60.1,58.41,291.67,
30-Sep-19,60.78,62.24,62.24,60.73,22.01,
27-Sep-19,61.91,62.48,62.75,60.76,97.33,
26-Sep-19,62.74,62.58,62.92,61.45,115.57,
25-Sep-19,62.39,62.44,62.81,61.23,201.47,
24-Sep-19,63.1,64.4,64.6,62.3,216.28,
23-Sep-19,64.77,65.23,65.5,63.53,204.78,
20-Sep-19,64.28,65,65.28,64.05,224.88,
19-Sep-19,64.4,63.51,65.57,63.46,258.85,
18-Sep-19,63.6,64.23,64.99,63.04,295.05,
17-Sep-19,64.55,68.15,69.26,63.55,620.49,
16-Sep-19,69.02,66.45,71.95,64.75,735.54,
13-Sep-19,60.22,60.45,60.81,59.6,195.83,
12-Sep-19,60.38,61.16,61.39,58.92,358.09,
11-Sep-19,60.81,62.88,63.27,60.52,315.12,
10-Sep-19,62.38,62.82,63.78,62.17,267.55,
9-Sep-19,62.59,61.6,63,61.57,249.71,
6-Sep-19,61.54,60.81,61.88,59.4,287.36,
5-Sep-19,60.95,60.49,62.4,60.25,292.06,
4-Sep-19,60.7,58.17,60.96,58.13,283.1,
3-Sep-19,58.26,58.54,58.87,57.23,265.12,
2-Sep-19,58.66,58.8,59.26,58.1,121.64,
30-Aug-19,60.43,60.98,61.17,60.25,25.14,
29-Aug-19,61.08,60.48,61.19,59.98,131.09,
28-Aug-19,60.49,60.04,61,59.8,134.26,
27-Aug-19,59.51,58.8,60.17,58.51,218.37,
26-Aug-19,58.7,58.35,60.17,58.24,183.3,
23-Aug-19,59.34,60.11,60.29,58.3,321.24,
22-Aug-19,59.92,60.43,60.89,59.47,276.11,
21-Aug-19,60.3,60.11,61.41,60.07,269.68,
20-Aug-19,60.03,59.68,60.32,58.95,245.25,
19-Aug-19,59.74,58.72,59.92,58.64,211.45,
16-Aug-19,58.64,58.41,59.5,58.28,209.43,
15-Aug-19,58.23,59.07,59.42,57.67,298.67,
14-Aug-19,59.48,61.07,61.08,58.21,320.43,
13-Aug-19,61.3,58.47,61.5,58,338.08,
12-Aug-19,58.57,58.3,58.88,57.88,221.35,
9-Aug-19,58.53,57.74,59.1,57.11,281.8,
8-Aug-19,57.38,57.48,58.01,56.77,299.69,
7-Aug-19,56.23,58.68,59.23,55.88,485.19,
6-Aug-19,58.94,59.56,60.56,58.55,328.15,
5-Aug-19,59.81,61.46,61.56,59.66,378.86,
2-Aug-19,61.89,61.16,62.95,60.98,364.14,
1-Aug-19,60.5,64.09,64.54,60.02,433.72,
31-Jul-19,65.17,64.95,65.42,64.95,18.76,
30-Jul-19,64.72,63.91,65.14,63.9,86.1,
29-Jul-19,63.71,63.32,63.9,62.92,101.7,
26-Jul-19,63.46,63.28,63.96,63.01,159.86,
25-Jul-19,63.39,63.21,64.23,63.01,169.84,
24-Jul-19,63.18,64.13,64.66,62.59,301.51,
23-Jul-19,63.83,63.26,64.46,62.66,272.73,
22-Jul-19,63.26,63.05,64.03,62.77,267.78,
19-Jul-19,62.47,62.5,63.37,61.83,298.98,
18-Jul-19,61.93,63.52,64.46,61.29,374.89,
17-Jul-19,63.66,64.44,65.28,63.22,274.93,
16-Jul-19,64.35,66.31,67.09,63.82,356.74,
15-Jul-19,66.48,66.87,67.47,66.11,283.09,
12-Jul-19,66.72,66.83,67.29,66.51,244.7,
11-Jul-19,66.52,66.81,67.65,66.43,283.02,
10-Jul-19,67.01,64.78,67.12,64.63,349.51,
9-Jul-19,64.16,63.81,64.75,63.76,263.89,
8-Jul-19,64.11,64.34,65.14,63.79,253.82,
5-Jul-19,64.23,63.27,64.52,62.91,203.54,
4-Jul-19,63.3,63.88,64.07,62.95,114.98,
3-Jul-19,63.82,62.9,64.01,62.09,282.11,
2-Jul-19,62.4,64.8,65.51,62.22,386.94,
1-Jul-19,65.06,65.05,66.75,64.22,361.41,
28-Jun-19,66.55,66.51,66.84,66.08,34.62,
27-Jun-19,66.55,66.05,66.82,65.63,103.16,
26-Jun-19,66.49,65.8,66.85,65.6,141.95,
25-Jun-19,65.05,64.89,65.98,64.17,205.8,
24-Jun-19,64.86,65.5,65.79,64.08,217.44,
21-Jun-19,65.2,64.86,65.76,64,257.92,
20-Jun-19,64.45,62.45,64.82,62.4,394.17,
19-Jun-19,61.82,62.4,62.55,61.4,320.06,
18-Jun-19,62.14,60.93,62.84,60.25,327.7,
17-Jun-19,60.94,62.07,62.37,60.74,236.16,
14-Jun-19,62.01,61.25,62.57,60.74,262.31,
13-Jun-19,61.31,59.94,62.64,59.78,435.42,
12-Jun-19,59.97,61.79,61.85,59.57,343.21,
11-Jun-19,62.29,62.3,62.87,62.01,302.74,
10-Jun-19,62.29,63.58,64.1,62.05,278.49,
7-Jun-19,63.29,62.4,63.59,61.77,307.96,
6-Jun-19,61.67,60.4,62.43,60.22,343.64,
5-Jun-19,60.63,61.58,62.27,59.45,428.01,
4-Jun-19,61.97,61,62.12,60.21,370.27,
3-Jun-19,61.28,61.64,62.84,60.55,386.56,
31-May-19,64.49,66.24,66.28,64.37,21.75,
30-May-19,66.87,69.68,69.96,66.31,105.27,
29-May-19,69.45,70.1,70.1,68.08,148.48,
28-May-19,70.11,69.99,70.59,69.58,238.88,
27-May-19,70.11,69.15,70.23,68.53,72.18,
24-May-19,68.69,67.99,69.3,67.33,292.09,
23-May-19,67.76,70.86,70.97,67.02,434.54,
22-May-19,70.99,71.91,72.04,70.42,371.52,
21-May-19,72.18,72.15,72.52,71.63,303.74,
20-May-19,71.97,72.5,73.4,71.6,301.98,
17-May-19,72.21,72.82,73.23,71.79,255.53,
16-May-19,72.62,72.05,73.36,71.82,326.44,
15-May-19,71.77,70.9,72.25,70.42,272.44,
14-May-19,71.24,70.02,71.65,69.93,299.77,
13-May-19,70.23,70.83,72.58,69.72,373.47,
10-May-19,70.62,70.45,71.23,70.18,300.46,
9-May-19,70.39,70.23,70.65,69.4,328.74,
8-May-19,70.37,69.88,70.7,69.33,295.44,
7-May-19,69.88,71.15,71.33,69.38,332.07,
6-May-19,71.24,70.59,71.79,68.79,227.02,
3-May-19,70.85,70.48,71.54,69.95,249.81,
2-May-19,70.75,72,72.22,69.68,346.63,
1-May-19,72.18,71.73,72.36,71.3,230.8,
30-Apr-19,72.8,71.94,73.27,71.73,25.34,
29-Apr-19,72.04,71.56,72.5,71.06,147.41,
26-Apr-19,72.15,74.2,74.42,71.3,222.89,
25-Apr-19,74.35,74.46,75.6,74,309.21,
24-Apr-19,74.57,74.27,74.73,74.02,276.67,
23-Apr-19,74.51,74.38,74.73,73.99,308.99,
22-Apr-19,74.04,71.93,74.52,71.86,305.17,
18-Apr-19,71.97,71.63,72.04,71.2,259.04,
17-Apr-19,71.62,71.83,72.27,71.45,276.61,
16-Apr-19,71.72,71.21,71.95,70.74,273.9,
15-Apr-19,71.18,71.55,71.6,70.78,219.15,
12-Apr-19,71.55,70.95,71.87,70.9,237.22,
11-Apr-19,70.83,71.56,71.68,70.57,278.09,
10-Apr-19,71.73,70.82,71.78,70.57,288.89,
9-Apr-19,70.61,71.19,71.34,70.3,267.49,
8-Apr-19,71.1,70.56,71.19,70.43,288.13,
5-Apr-19,70.34,69.13,70.48,68.92,263.87,
4-Apr-19,69.4,69.44,70.03,68.87,281.88,
3-Apr-19,69.31,69.47,69.96,68.8,341.5,
2-Apr-19,69.37,69.22,69.58,68.69,299.3,
1-Apr-19,69.01,67.58,69.22,67.58,320.77,
29-Mar-19,68.39,68.01,68.89,67.81,20.62,
28-Mar-19,67.82,67.75,68,66.54,131.64,
27-Mar-19,67.83,67.9,68.35,67.19,148.15,
26-Mar-19,67.97,67.36,68.23,67.24,197.54,
25-Mar-19,67.21,67,67.65,66.36,216.76,
22-Mar-19,67.03,67.76,67.98,66.2,284.52,
21-Mar-19,67.86,68.38,68.69,67.59,303.23,
20-Mar-19,68.5,67.66,68.57,67.19,235.49,
19-Mar-19,67.61,67.49,68.2,67.13,234.14,
18-Mar-19,67.54,67.14,67.69,66.69,208.53,
15-Mar-19,67.16,67.18,67.71,66.13,254.32,
14-Mar-19,67.23,67.65,68.14,67.03,235.99,
13-Mar-19,67.55,66.91,67.76,66.7,243.2,
12-Mar-19,66.67,66.7,67.39,66.34,252.13,
11-Mar-19,66.58,65.76,66.75,65.63,247.81,
8-Mar-19,65.74,66.08,66.09,64.02,316.39,
7-Mar-19,66.3,65.88,67,65.75,276.24,
6-Mar-19,65.99,65.49,66.18,65.22,283.2,
5-Mar-19,65.86,65.46,66.23,65.04,216.39,
4-Mar-19,65.67,64.97,66.34,64.93,233.54,
1-Mar-19,65.07,66.48,67.14,64.59,297.19,
28-Feb-19,66.03,66.38,66.38,65.67,19.67,
27-Feb-19,66.39,65.64,66.7,65.27,102.14,
26-Feb-19,65.21,64.79,65.74,64.32,127.6,
25-Feb-19,64.76,66.97,67.47,64.54,220.94,
22-Feb-19,67.12,66.96,67.73,66.87,177.62,
21-Feb-19,67.07,67.05,67.31,66.69,245.86,
20-Feb-19,67.08,66.3,67.38,65.63,276.48,
19-Feb-19,66.45,66.44,66.65,65.58,246.65,
18-Feb-19,66.5,66.39,66.83,65.9,175.24,
15-Feb-19,66.25,64.86,66.39,64.42,290.55,
14-Feb-19,64.57,63.69,64.81,63.25,287.45,
13-Feb-19,63.61,62.7,63.98,62.69,269.68,
12-Feb-19,62.42,61.59,63.34,61.59,278.8,
11-Feb-19,61.51,62.11,62.34,60.9,280.96,
8-Feb-19,62.1,61.66,62.36,61.04,254.95,
7-Feb-19,61.63,62.5,62.91,60.6,286.17,
6-Feb-19,62.69,62.06,62.8,61.05,225.57,
5-Feb-19,61.98,62.64,63.02,61.72,215.36,
4-Feb-19,62.51,62.83,63.63,61.28,297.43,
1-Feb-19,62.75,61.06,62.97,60.46,267.22,
31-Jan-19,61.89,61.97,62.32,61.57,20.63,
30-Jan-19,61.65,61.26,62.67,61.04,90.93,
29-Jan-19,61.32,59.87,61.79,59.75,142.13,
28-Jan-19,59.93,61.49,61.69,59.49,214.19,
25-Jan-19,61.64,61.13,61.92,60.7,218.03,
24-Jan-19,61.09,61.02,61.51,60.41,274.48,
23-Jan-19,61.14,61.37,62.33,60.21,308.46,
22-Jan-19,61.5,62.59,62.71,60.57,283.22,
21-Jan-19,62.74,62.74,63.15,62.25,138.08,
18-Jan-19,62.7,61.33,63,61.32,288.91,
17-Jan-19,61.18,61.05,61.54,60.04,278.42,
16-Jan-19,61.32,60.42,61.45,60.03,315.59,
15-Jan-19,60.64,59.36,60.86,59.11,234.36,
14-Jan-19,58.99,60.62,61.04,58.9,263.28,
11-Jan-19,60.48,61.19,62.49,60.08,292.79,
10-Jan-19,61.68,61.15,61.91,60.44,300.92,
9-Jan-19,61.44,59.15,61.69,59.05,329.05,
8-Jan-19,58.72,57.64,58.87,57.13,288.25,
7-Jan-19,57.33,57.41,58.93,57.26,296.58,
4-Jan-19,57.06,55.67,58.31,55.34,321.11,
3-Jan-19,55.95,54.29,56.3,53.93,278.36,
2-Jan-19,54.91,54.12,56.56,52.51,300.95,
31-Dec-18,53.8,53,54.82,52.66,109.11,
28-Dec-18,52.2,53.44,53.8,51.6,17.11,
27-Dec-18,52.16,54.65,54.67,51.94,102.59,
26-Dec-18,54.47,50.84,55.29,49.93,77,
24-Dec-18,50.47,53.49,54.66,50.36,76.22,
21-Dec-18,53.82,54.97,55.33,52.79,226.34,
20-Dec-18,54.35,56.49,56.75,54.28,299.45,
19-Dec-18,57.24,56.51,58.11,56.04,319.37,
18-Dec-18,56.26,59,59.24,55.89,398.56,
17-Dec-18,59.61,60.25,61.21,58.64,246.03,
14-Dec-18,60.28,61.53,61.58,59.92,206.56,
13-Dec-18,61.45,60.29,62.02,59.33,252.4,
12-Dec-18,60.15,60.67,61.43,59.98,246.92,
11-Dec-18,60.2,59.91,61.1,59.58,235.33,
10-Dec-18,59.97,61.34,62.33,59.61,264.95,
7-Dec-18,61.67,60.25,63.73,59.1,423.08,
6-Dec-18,60.06,61.36,61.97,58.36,399.99,
5-Dec-18,61.56,61.35,63.29,60.8,256.24,
4-Dec-18,62.08,61.9,63.58,61.24,277.42,
3-Dec-18,61.69,59.98,62.6,59.85,294.77,
30-Nov-18,58.71,59.28,59.93,58.25,27.02,
29-Nov-18,59.51,59.12,60.37,57.5,94.57,
28-Nov-18,58.76,60.63,61.27,58.55,150.81,
27-Nov-18,60.21,60.39,61.4,58.92,271.17,
26-Nov-18,60.48,58.98,61.13,58.6,267.38,
23-Nov-18,58.8,62.58,62.79,58.41,279.67,
22-Nov-18,62.6,63.6,63.81,62.27,164.11,
21-Nov-18,63.48,62.6,64.48,62.56,334.98,
20-Nov-18,62.53,66.9,66.9,61.71,417.01,
19-Nov-18,66.79,66.99,67.64,65.27,262.55,
16-Nov-18,66.76,66.68,68.38,66.06,327.72,
15-Nov-18,66.62,66.12,67.42,65.77,316.04,
14-Nov-18,66.12,65.62,67.63,65.02,379.72,
13-Nov-18,65.47,69.13,69.68,64.61,445.04,
12-Nov-18,70.12,70.69,71.88,68.87,319.23,
9-Nov-18,70.18,70.87,70.99,69.13,292.21,
8-Nov-18,70.65,72.1,73.08,70.56,350.47,
7-Nov-18,72.07,71.66,73.55,71.36,361.36,
6-Nov-18,72.13,72.85,73.28,71.18,290.88,
5-Nov-18,73.17,72.85,74.13,72.26,231.14,
2-Nov-18,72.83,72.75,73.5,72.16,312.87,
1-Nov-18,72.89,74.69,74.99,72.56,360.16,
31-Oct-18,75.47,76.28,76.92,75.42,34.7,
30-Oct-18,75.91,76.82,77.32,75.09,115.19,
29-Oct-18,77.34,77.64,78.03,76.55,117.94,
26-Oct-18,77.62,76.6,77.91,75.77,229.75,
25-Oct-18,76.89,75.67,77.08,75.35,215.24,
24-Oct-18,76.17,76.35,77.57,75.11,366.65,
23-Oct-18,76.44,80.04,80.12,75.88,513.72,
22-Oct-18,79.83,80.11,80.41,78.99,269.91,
19-Oct-18,79.78,79.44,80.88,79.22,291.07,
18-Oct-18,79.29,80.23,80.31,78.69,359.01,
17-Oct-18,80.05,81.74,81.85,79.17,336.6,
16-Oct-18,81.41,80.88,81.75,79.8,329.33,
15-Oct-18,80.78,81,81.92,79.85,284.65,
12-Oct-18,80.43,80.28,81.48,79.23,373.09,
11-Oct-18,80.26,82.47,82.63,79.8,482.51,
10-Oct-18,83.09,84.98,85.17,82.26,319.09,
9-Oct-18,85,83.91,85.45,83.73,351.4,
8-Oct-18,83.91,84.17,84.31,82.66,290.09,
5-Oct-18,84.16,84.89,85.12,83.92,300.62,
4-Oct-18,84.58,85.99,86.43,84.14,361.25,
3-Oct-18,86.29,84.79,86.74,84.01,345.22,
2-Oct-18,84.8,84.95,85.38,84.31,268.61,
1-Oct-18,84.98,82.79,85.45,82.55,347.53,
28-Sep-18,82.72,81.63,82.87,81.6,19.68,
27-Sep-18,81.72,81.8,82.44,81.32,124,
26-Sep-18,81.34,81.45,82.22,81.1,130.53,
25-Sep-18,81.87,81.35,82.55,81.17,240.4,
24-Sep-18,81.2,78.97,81.48,78.97,243.31,
21-Sep-18,78.8,78.67,80.12,78.23,297.57,
20-Sep-18,78.7,79.44,79.83,78.51,300.16,
19-Sep-18,79.4,78.97,79.5,78.51,275.87,
18-Sep-18,79.03,77.78,79.73,77.46,259.18,
17-Sep-18,78.05,78.07,78.9,77.73,207.61,
14-Sep-18,78.09,78.45,78.94,77.37,261.06,
13-Sep-18,78.18,79.6,79.71,77.87,298.14,
12-Sep-18,79.74,79.42,80.13,78.75,315.27,
11-Sep-18,79.06,77.38,79.54,77.36,280.31,
10-Sep-18,77.37,77.08,77.92,76.9,244.53,
7-Sep-18,76.83,76.69,77.1,75.88,209,
6-Sep-18,76.5,77.02,77.77,75.64,274.79,
5-Sep-18,77.27,77.82,78.09,76.91,277.12,
4-Sep-18,78.17,78.19,79.72,77.44,320.45,
3-Sep-18,78.15,77.69,78.44,77.3,110.91,
31-Aug-18,77.42,77.53,77.79,77,25.83,
30-Aug-18,77.77,77.33,78.03,77.18,90.22,
29-Aug-18,77.14,75.99,77.42,75.67,130.44,
28-Aug-18,75.95,76.34,76.97,75.73,179.66,
27-Aug-18,76.21,75.54,76.34,75.39,101.08,
24-Aug-18,75.82,74.73,76.42,74.68,235.09,
23-Aug-18,74.73,74.72,74.87,74.21,199.66,
22-Aug-18,74.78,72.76,75,72.7,300.69,
21-Aug-18,72.63,72.15,72.95,72.05,201.24,
20-Aug-18,72.21,71.77,72.75,71.42,249.1,
17-Aug-18,71.83,71.35,72.49,71.25,217.16,
16-Aug-18,71.43,70.65,71.52,70.4,227.2,
15-Aug-18,70.76,72.22,72.44,70.3,298.11,
14-Aug-18,72.46,72.82,73.93,72.16,242.75,
13-Aug-18,72.61,73,73.09,71.04,220.34,
10-Aug-18,72.81,71.97,73.14,71.4,228.74,
9-Aug-18,72.07,72.16,72.89,71.86,197.06,
8-Aug-18,72.28,74.64,74.87,71.65,269.51,
7-Aug-18,74.65,73.61,74.9,73.57,228.99,
6-Aug-18,73.75,73.21,74.47,73.08,200.58,
3-Aug-18,73.21,73.37,73.73,72.48,175.36,
2-Aug-18,73.45,72.42,73.75,71.84,226.45,
1-Aug-18,72.39,74.07,74.12,72.13,284.02,
31-Jul-18,74.25,74.93,75.1,74.14,21.88,
30-Jul-18,74.97,74.31,75.27,74.14,81.03,
27-Jul-18,74.29,74.5,74.85,73.83,119.34,
26-Jul-18,74.54,74.37,74.83,73.77,183.35,
25-Jul-18,73.93,73.7,74.6,73.07,210.87,
24-Jul-18,73.44,72.91,74,72.68,215.15,
23-Jul-18,73.06,73.22,74.5,72.52,316.98,
20-Jul-18,73.07,72.65,73.47,72.26,231.51,
19-Jul-18,72.58,73.06,73.79,71.83,313.81,
18-Jul-18,72.9,71.74,73.28,71.19,287.11,
17-Jul-18,72.16,72.01,72.78,71.35,286.44,
16-Jul-18,71.84,74.92,75.37,71.52,330,
13-Jul-18,75.33,74.34,75.93,73.22,302.43,
12-Jul-18,74.45,74.17,75.1,72.67,416.41,
11-Jul-18,73.4,78.78,78.83,73.04,560.84,
10-Jul-18,78.86,78.25,79.51,78.15,261.55,
9-Jul-18,78.07,77.21,78.31,77.04,212.19,
6-Jul-18,77.11,77.57,77.68,76.36,315.28,
5-Jul-18,77.39,78.14,78.5,77.3,254.02,
4-Jul-18,78.24,77.89,78.28,77.61,97.25,
3-Jul-18,77.76,77.4,78.55,76.67,273.46,
2-Jul-18,77.3,78.55,78.95,77.16,265.38,
29-Jun-18,79.44,77.79,79.7,77.45,17.12,
28-Jun-18,77.85,77.5,78.42,77.09,144.22,
27-Jun-18,77.62,76.54,78.16,76.28,166.19,
26-Jun-18,76.31,74.74,76.72,74.13,289.47,
25-Jun-18,74.73,74.8,75.13,73.74,274.38,
22-Jun-18,75.55,73.24,75.83,73.24,377.39,
21-Jun-18,73.05,74.46,74.69,72.93,411.81,
20-Jun-18,74.74,75.2,75.86,74.1,368.84,
19-Jun-18,75.08,75.24,75.55,74.45,290.59,
18-Jun-18,75.34,73.06,75.49,72.45,316.12,
15-Jun-18,73.44,75.98,76.06,73,285.8,
14-Jun-18,75.94,76.56,76.92,75.76,279.21,
13-Jun-18,76.74,75.4,76.87,75.26,292.47,
12-Jun-18,75.88,76.5,77.07,75.43,260.33,
11-Jun-18,76.46,76.3,76.84,75.52,231.28,
8-Jun-18,76.46,77.39,77.61,76.12,251.83,
7-Jun-18,77.32,75.88,77.45,75.44,327.98,
6-Jun-18,75.36,75.19,76.25,74.46,365.65,
5-Jun-18,75.38,75.4,75.74,73.81,400.85,
4-Jun-18,75.29,76.66,76.95,75.2,324.29,
1-Jun-18,76.79,77.71,77.95,76.35,296.57,
31-May-18,77.59,77.37,78.75,77.04,21.44,
30-May-18,77.5,75.37,77.73,74.81,125.33,
29-May-18,75.39,75.82,76.2,74.54,114.46,
28-May-18,75.3,76.11,76.17,74.49,65.1,
25-May-18,76.44,78.82,78.88,76.01,275.72,
24-May-18,78.79,79.65,79.78,78.57,228.58,
23-May-18,79.8,79.47,79.85,78.21,292.97,
22-May-18,79.57,79.36,80.49,79.16,305.31,
21-May-18,79.22,78.61,79.59,78.1,245.77,
18-May-18,78.51,79.46,79.87,78.33,277.28,
17-May-18,79.3,79.26,80.5,79.12,330.17,
16-May-18,79.28,78.1,79.35,77.61,336.57,
15-May-18,78.43,78.42,79.47,77.9,390.92,
14-May-18,78.23,77.05,78.53,76.55,290.13,
11-May-18,77.12,77.55,77.6,76.95,261.8,
10-May-18,77.47,77.44,78,76.51,314.19,
9-May-18,77.21,76.19,77.43,76.08,364.75,
8-May-18,74.85,75.6,76.18,73.1,519.8,
7-May-18,76.17,75,76.34,74.83,230.47,
4-May-18,74.87,73.74,75.08,73.24,289.86,
3-May-18,73.62,73.07,74.09,72.47,382.14,
2-May-18,73.36,73.28,73.63,72.38,347.06,
1-May-18,73.13,74.65,74.98,72.74,360.97,
30-Apr-18,75.17,74.62,75.41,73.47,24.76,
27-Apr-18,74.64,74.72,75.03,74.35,156.53,
26-Apr-18,74.74,74.23,74.97,74.11,179.48,
25-Apr-18,74,74,74.19,73.17,275.13,
24-Apr-18,73.86,75.09,75.47,73.68,330.6,
23-Apr-18,74.71,73.77,75.1,73.13,317.45,
20-Apr-18,74.06,73.94,74.2,72.83,371.9,
19-Apr-18,73.78,73.72,74.75,73.46,393.96,
18-Apr-18,73.48,71.72,73.93,71.66,352.65,
17-Apr-18,71.58,71.65,71.89,70.83,315.04,
16-Apr-18,71.42,72.7,72.85,71.11,297.44,
13-Apr-18,72.58,71.94,72.88,71.56,328.5,
12-Apr-18,72.02,72.09,72.49,71.1,330.21,
11-Apr-18,72.06,71.03,73.09,70.57,495.41,
10-Apr-18,71.04,68.46,71.34,68.46,452.34,
9-Apr-18,68.65,67.1,68.8,67,257.5,
6-Apr-18,67.11,68.09,68.62,66.86,296.09,
5-Apr-18,68.33,68.36,68.93,67.73,270.82,
4-Apr-18,68.02,68.15,68.28,66.69,361.48,
3-Apr-18,68.12,67.63,68.46,67.62,232.26,
2-Apr-18,67.64,69.32,70.04,67.49,190.05,
29-Mar-18,70.27,69.86,70.44,69.1,25.29,
28-Mar-18,69.53,69.72,70.25,68.78,141.89,
27-Mar-18,70.11,70.13,71.03,69.45,131.39,
26-Mar-18,70.12,70.43,71.05,69.67,183.69,
23-Mar-18,70.45,69.11,70.57,68.87,283.01,
22-Mar-18,68.91,69.63,69.7,68.58,286.63,
21-Mar-18,69.47,67.61,69.86,67.48,401.05,
20-Mar-18,67.42,66.15,67.88,66.15,326.47,
19-Mar-18,66.05,66.01,66.39,65.39,272.42,
16-Mar-18,66.21,65.07,66.42,64.88,264.21,
15-Mar-18,65.12,64.9,65.38,64.61,208.59,
14-Mar-18,64.89,64.73,65.21,64.06,267.59,
13-Mar-18,64.64,64.92,65.68,64.05,320.57,
12-Mar-18,64.95,65.5,65.86,64.18,240.03,
9-Mar-18,65.49,63.93,65.63,63.69,286.49,
8-Mar-18,63.61,64.51,64.56,63.43,294.79,
7-Mar-18,64.34,65.23,65.8,63.83,332.91,
6-Mar-18,65.79,65.74,66.16,65.3,199.79,
5-Mar-18,65.54,64.65,65.88,64.1,261.06,
2-Mar-18,64.37,64.07,64.64,63.2,266.38,
1-Mar-18,63.83,64.57,65.04,63.19,340.97,
28-Feb-18,65.78,66.41,66.87,65.43,27.39,
27-Feb-18,66.63,67.57,67.61,66.32,106.34,
26-Feb-18,67.5,67.29,67.9,66.72,188.3,
23-Feb-18,67.31,66.3,67.37,65.79,201.72,
22-Feb-18,66.39,64.91,66.56,64.62,253,
21-Feb-18,65.42,65.05,65.53,64.4,245.87,
20-Feb-18,65.25,65.64,65.81,64.78,289.17,
19-Feb-18,65.67,64.96,65.9,64.84,125.63,
16-Feb-18,64.84,64.66,65.22,64.19,239.58,
15-Feb-18,64.33,64.44,65.15,63.12,292.91,
14-Feb-18,64.36,62.84,64.58,61.95,349.1,
13-Feb-18,62.72,62.85,63.1,61.76,367.26,
12-Feb-18,62.59,62.5,64.4,62.5,349.67,
9-Feb-18,62.79,64.44,64.64,61.77,399.5,
8-Feb-18,64.81,65.28,65.6,64.1,346.32,
7-Feb-18,65.51,67.2,67.72,65.16,567.76,
6-Feb-18,66.86,67.02,67.6,66.53,328.85,
5-Feb-18,67.62,68.15,68.46,66.9,335.64,
2-Feb-18,68.58,70,70.02,67.96,307.13,
1-Feb-18,69.65,69,69.97,68.81,336.92,
31-Jan-18,69.05,68.43,69.15,68.33,20.43,
30-Jan-18,69.02,69.3,69.39,68.4,135.87,
29-Jan-18,69.46,70.47,70.64,69.07,202.24,
26-Jan-18,70.52,70.07,70.83,70.05,227.6,
25-Jan-18,70.42,70.95,71.28,69.97,301.93,
24-Jan-18,70.53,69.97,70.94,69.54,308.37,
23-Jan-18,69.96,69.17,70.24,69.12,343.73,
22-Jan-18,69.03,68.8,69.51,68.39,250.6,
19-Jan-18,68.61,69.01,69.08,68.28,278.36,
18-Jan-18,69.31,69.53,69.63,68.8,270.23,
17-Jan-18,69.38,69.35,69.59,68.55,280.42,
16-Jan-18,69.15,70.05,70.13,68.83,322.95,
15-Jan-18,70.26,69.88,70.37,69.55,173.46,
12-Jan-18,69.87,69.15,69.93,68.59,302.1,
11-Jan-18,69.26,69.15,70.05,69,341.94,
10-Jan-18,69.2,69.12,69.37,68.75,290.54,
9-Jan-18,68.82,68,69.29,67.7,319.92,
8-Jan-18,67.78,67.8,67.99,67.44,210.35,
5-Jan-18,67.62,67.97,68.11,67.26,183.45,
4-Jan-18,68.07,67.89,68.27,67.62,246.15,
3-Jan-18,67.84,66.54,68.03,66.4,260.86,
2-Jan-18,66.57,66.55,67.29,66.24,211.74,
29-Dec-17,66.87,66.15,66.98,66.15,157.95,
28-Dec-17,66.72,66.43,66.85,66.23,35.09,
27-Dec-17,66.44,66.76,66.94,66.03,122.43,
26-Dec-17,67.02,65.2,67.1,65,74.25,
22-Dec-17,65.25,64.63,65.28,64.38,110.42,
21-Dec-17,64.9,64.49,64.93,64.2,155.42,
20-Dec-17,64.56,63.83,64.6,63.67,222.73,
19-Dec-17,63.8,63.41,63.91,63.3,213.19,
18-Dec-17,63.41,63.36,63.91,63,234.62,
15-Dec-17,63.23,63.39,63.68,63.08,213,
14-Dec-17,63.31,62.81,63.5,62.01,277.67,
13-Dec-17,62.44,63.8,64.32,62.36,354.37,
12-Dec-17,63.34,64.66,65.83,63.07,508.99,
11-Dec-17,64.69,63.29,64.93,62.99,488.01,
8-Dec-17,63.4,62.08,63.64,62.01,362.43,
7-Dec-17,62.2,61.3,62.26,61.15,238.96,
6-Dec-17,61.22,62.64,62.93,61.13,314.26,
5-Dec-17,62.86,62.45,63.15,62.12,219.34,
4-Dec-17,62.45,63.5,63.68,62.31,250.52,
1-Dec-17,63.73,62.74,64.32,62.59,308.15,
30-Nov-17,63.57,63.28,64.21,63.21,26.21,
29-Nov-17,63.11,63.3,64.07,62.5,178.2,
28-Nov-17,63.61,63.78,63.89,63.1,186.93,
27-Nov-17,63.84,63.8,63.99,63.1,249.09,
24-Nov-17,63.86,63.35,63.95,63.28,152.7,
23-Nov-17,63.55,63.24,63.57,62.88,113.08,
22-Nov-17,63.32,62.78,63.43,62.62,322.87,
21-Nov-17,62.57,62.1,62.87,62.07,338.16,
20-Nov-17,62.22,62.8,62.8,61.44,283.48,
17-Nov-17,62.72,61.41,62.92,61.08,356.74,
16-Nov-17,61.36,61.88,62.15,61.25,314.06,
15-Nov-17,61.87,61.55,62.13,61.3,279.41,
14-Nov-17,62.21,63.06,63.17,61.21,418.94,
13-Nov-17,63.16,63.68,63.77,62.61,335.15,
10-Nov-17,63.52,63.8,64.27,63.35,307.97,
9-Nov-17,63.93,63.52,64.25,63.26,319.86,
8-Nov-17,63.49,63.69,64.64,62.95,418.07,
7-Nov-17,63.69,64.12,64.65,63.5,389.46,
6-Nov-17,64.27,62.27,64.44,62.08,356.99,
3-Nov-17,62.07,60.88,62.23,60.6,272.74,
2-Nov-17,60.62,60.5,60.86,60.02,289.3,
1-Nov-17,60.49,61.07,61.7,60,337.76,
31-Oct-17,61.37,60.86,61.41,60.53,29.12,
30-Oct-17,60.9,60.66,61,60.14,168.54,
27-Oct-17,60.44,59.37,60.65,58.82,209.89,
26-Oct-17,59.3,58.42,59.55,58.05,232.28,
25-Oct-17,58.44,58.44,58.74,57.85,260.55,
24-Oct-17,58.33,57.41,58.57,57.04,334.68,
23-Oct-17,57.37,57.95,58.05,57.27,353.07,
20-Oct-17,57.75,57.32,57.94,56.6,369.89,
19-Oct-17,57.23,58.24,58.3,57.02,430.67,
18-Oct-17,58.15,58.16,58.54,57.74,329.33,
17-Oct-17,57.88,57.78,58.35,57.18,405.22,
16-Oct-17,57.82,57.28,58.47,57.12,341.78,
13-Oct-17,57.17,56.44,57.57,56.34,332.6,
12-Oct-17,56.25,56.74,56.83,55.88,339.53,
11-Oct-17,56.94,56.56,57.09,56.14,310.14,
10-Oct-17,56.61,55.78,56.91,55.73,290.34,
9-Oct-17,55.79,55.5,55.98,55.06,301.15,
6-Oct-17,55.62,56.99,57.28,55.13,395.65,
5-Oct-17,57,55.77,57.24,55.7,379.3,
4-Oct-17,55.8,55.67,56.2,55.38,330.85,
3-Oct-17,56,56.1,56.4,55.7,275.42,
2-Oct-17,56.12,56.73,56.76,55.5,352.05,
29-Sep-17,57.54,57.6,57.8,57.14,24.02,
28-Sep-17,57.41,57.7,58.65,56.85,117.89,
27-Sep-17,57.9,58.57,58.89,57.57,142.87,
26-Sep-17,58.44,59.05,59.49,57.77,214.73,
25-Sep-17,59.02,56.87,59.25,56.7,224.94,
22-Sep-17,56.86,56.5,56.91,56.22,208.36,
21-Sep-17,56.43,56.17,56.53,55.76,251.62,
20-Sep-17,56.29,55.35,56.48,55.26,295.65,
19-Sep-17,55.14,55.48,55.89,54.89,221.76,
18-Sep-17,55.48,55.59,55.95,54.82,278.12,
15-Sep-17,55.62,55.29,55.85,54.86,271.07,
14-Sep-17,55.47,55.02,55.99,54.93,327.35,
13-Sep-17,55.16,54.18,55.21,54.03,291.47,
12-Sep-17,54.27,53.77,54.44,53.42,279.34,
11-Sep-17,53.84,53.82,54.14,53.04,276.43,
8-Sep-17,53.78,54.54,54.87,53.57,307.45,
7-Sep-17,54.49,54.13,54.67,53.89,306.72,
6-Sep-17,54.2,53.16,54.31,53.09,322.6,
5-Sep-17,53.38,52.3,53.66,52.09,300.78,
4-Sep-17,52.34,52.85,52.85,51.99,121.54,
1-Sep-17,52.75,52.84,52.95,52.24,262.2,
31-Aug-17,52.38,50.58,52.43,50.56,33.5,
30-Aug-17,50.86,51.97,52.01,50.58,152.59,
29-Aug-17,52,52.04,52.19,51.36,139.97,
28-Aug-17,51.89,52.38,52.84,51.52,141.58,
25-Aug-17,52.41,52.3,52.68,51.93,218.09,
24-Aug-17,52.04,52.55,52.71,51.61,255.76,
23-Aug-17,52.57,51.68,52.63,51.45,287.2,
22-Aug-17,51.87,51.78,52.28,51.39,313.92,
21-Aug-17,51.66,53,53,51.3,271.57,
18-Aug-17,52.72,50.89,52.96,50.78,317.44,
17-Aug-17,51.03,50.4,51.12,50,334.3,
16-Aug-17,50.27,50.98,51.4,50.15,305.55,
15-Aug-17,50.8,50.65,51.15,50.02,334.16,
14-Aug-17,50.73,52.02,52.38,50.55,281.57,
11-Aug-17,52.1,51.94,52.28,51.3,245.31,
10-Aug-17,51.9,52.72,53.64,51.67,450.28,
9-Aug-17,52.7,51.99,52.85,51.81,265.61,
8-Aug-17,52.14,52.24,52.73,51.82,235.16,
7-Aug-17,52.37,52.39,52.53,51.37,260.94,
4-Aug-17,52.42,51.97,52.52,51.43,278.78,
3-Aug-17,52.01,52.24,52.89,51.77,402.66,
2-Aug-17,52.36,51.38,52.43,51.18,406.42,
1-Aug-17,51.78,52.7,52.93,50.88,392.64,
31-Jul-17,52.65,52.6,52.92,52.2,25.54,
28-Jul-17,52.52,51.6,52.7,51.31,159.15,
27-Jul-17,51.49,50.86,51.64,50.5,184.43,
26-Jul-17,50.97,50.63,51.06,50.07,258.95,
25-Jul-17,50.2,48.64,50.91,48.63,284.29,
24-Jul-17,48.6,47.96,48.77,47.68,287.93,
21-Jul-17,48.06,49.33,49.65,47.81,338.35,
20-Jul-17,49.3,49.65,50.19,49.19,315.34,
19-Jul-17,49.7,48.7,49.81,48.58,300.37,
18-Jul-17,48.84,48.4,49.41,48.24,251.5,
17-Jul-17,48.42,49.14,49.26,48.31,227.42,
14-Jul-17,48.91,48.37,49.11,48.15,295.66,
13-Jul-17,48.42,47.7,48.53,47.18,262.63,
12-Jul-17,47.74,48.21,48.79,47.35,333.7,
11-Jul-17,47.52,46.99,48.21,46.29,283.39,
10-Jul-17,46.88,46.84,47.38,46.11,268.9,
7-Jul-17,46.71,47.76,47.76,46.28,302.32,
6-Jul-17,48.11,48.28,49.18,47.77,308.26,
5-Jul-17,47.79,49.67,49.84,47,372.98,
4-Jul-17,49.61,49.63,49.9,49.29,129.57,
3-Jul-17,49.68,48.95,49.71,48.54,244.52,
30-Jun-17,47.92,47.46,48.12,47.46,26.18,
29-Jun-17,47.42,47.39,48.03,47.14,179.56,
28-Jun-17,47.31,46.25,47.47,46.25,162.58,
27-Jun-17,46.65,45.85,47.06,45.79,263.26,
26-Jun-17,45.83,45.63,46.24,45.04,203.22,
23-Jun-17,45.54,45.28,45.75,45.03,252.26,
22-Jun-17,45.22,44.81,45.79,44.53,346.76,
21-Jun-17,44.82,45.89,46.63,44.35,389.71,
20-Jun-17,46.02,46.96,47.23,45.42,343.46,
19-Jun-17,46.91,47.21,47.76,46.77,261.49,
16-Jun-17,47.37,46.82,47.61,46.81,227.42,
15-Jun-17,46.92,46.8,47.2,46.7,301.4,
14-Jun-17,47,48.18,48.69,46.74,464.42,
13-Jun-17,48.72,48.32,48.82,47.87,321.28,
12-Jun-17,48.29,48.06,49.15,48.01,316.56,
9-Jun-17,48.15,47.79,48.56,47.4,285.82,
8-Jun-17,47.86,48.26,48.6,47.56,445.97,
7-Jun-17,48.06,49.97,50.14,47.96,461.75,
6-Jun-17,50.12,49.57,50.3,49,329.71,
5-Jun-17,49.47,49.87,50.74,49.04,348.41,
2-Jun-17,49.95,50.23,50.52,48.95,451.46,
1-Jun-17,50.63,51.17,51.45,50.23,462.92,
31-May-17,50.31,51.92,51.92,49.81,41.68,
30-May-17,51.84,52.25,52.35,51.19,137.21,
29-May-17,52.29,52.24,52.61,51.86,36.59,
26-May-17,52.15,51.38,52.3,50.71,265.83,
25-May-17,51.46,54.15,54.67,51.03,464.5,
24-May-17,53.96,54.14,54.62,53.66,351.64,
23-May-17,54.15,53.87,54.43,53.2,328.33,
22-May-17,53.87,53.85,54.37,53.66,379.12,
19-May-17,53.61,52.57,53.82,52.55,333.27,
18-May-17,52.51,52.19,52.74,51.11,363.69,
17-May-17,52.21,51.2,52.61,51.04,331.36,
16-May-17,51.65,51.88,52.36,51.1,340.96,
15-May-17,51.82,50.89,52.63,50.74,331.42,
12-May-17,50.84,50.76,51.09,50.33,304.76,
11-May-17,50.77,50.28,51.16,50.25,315.59,
10-May-17,50.22,48.95,50.63,48.81,368.11,
9-May-17,48.73,49.44,49.72,48.39,332.91,
8-May-17,49.34,49.27,49.92,48.48,400.72,
5-May-17,49.1,48.45,49.63,46.64,530.44,
4-May-17,48.38,50.59,50.73,48.16,541.58,
3-May-17,50.79,50.99,51.14,50.2,357.19,
2-May-17,50.46,51.39,52.16,50.14,364.06,
1-May-17,51.52,51.88,51.97,51.22,121.53,
28-Apr-17,51.73,51.58,52.12,51.31,23.2,
27-Apr-17,51.44,51.57,51.76,50.45,187.13,
26-Apr-17,51.82,51.81,52.46,51.38,206.56,
25-Apr-17,52.1,51.6,52.39,51.3,272.76,
24-Apr-17,51.6,52.11,52.57,51.42,267.28,
21-Apr-17,51.96,53,53.29,51.57,348.48,
20-Apr-17,52.99,53.09,53.55,52.68,401.85,
19-Apr-17,52.93,54.78,55.2,52.58,435.41,
18-Apr-17,54.89,55.39,55.48,54.61,373.1,
17-Apr-17,55.36,55.55,55.98,55.29,158.97,
13-Apr-17,55.89,55.66,56.06,55.56,325.31,
12-Apr-17,55.86,56.28,56.65,55.5,373.53,
11-Apr-17,56.23,56.08,56.3,55.45,340.42,
10-Apr-17,55.98,55.19,56.05,55.19,298.9,
7-Apr-17,55.24,54.88,56.08,54.57,317.78,
6-Apr-17,54.89,54.13,55,54.02,239.47,
5-Apr-17,54.36,54.22,55.09,53.97,353.02,
4-Apr-17,54.17,53.18,54.38,52.73,302.11,
3-Apr-17,53.12,53.62,53.74,53.03,241.75,
31-Mar-17,52.83,52.83,53.45,52.35,27.46,
30-Mar-17,52.96,52.39,53.1,52.03,128.55,
29-Mar-17,52.42,51.43,52.48,51.36,140.44,
28-Mar-17,51.33,50.77,51.87,50.77,186.41,
27-Mar-17,50.75,51.03,51.1,50.03,195.52,
24-Mar-17,50.8,50.64,51.06,50.4,215.34,
23-Mar-17,50.56,50.83,51.1,50.25,320.21,
22-Mar-17,50.64,50.86,50.98,49.71,327.91,
21-Mar-17,50.96,51.7,52.22,50.73,291.71,
20-Mar-17,51.62,51.8,51.94,51.01,239.25,
17-Mar-17,51.76,51.74,52.18,51.53,220.35,
16-Mar-17,51.74,52.08,52.65,51.5,281.53,
15-Mar-17,51.81,51.5,52.15,51.36,327.9,
14-Mar-17,50.92,51.34,51.86,50.25,411.63,
13-Mar-17,51.35,51.49,51.7,50.85,276.76,
10-Mar-17,51.37,52.33,53.02,51.14,351.34,
9-Mar-17,52.19,53.49,53.86,51.5,504.12,
8-Mar-17,53.11,55.63,55.77,52.93,444.13,
7-Mar-17,55.92,55.95,56.65,55.56,269.52,
6-Mar-17,56.01,55.8,56.25,55.32,224.2,
3-Mar-17,55.9,55.18,55.95,55.09,248.71,
2-Mar-17,55.08,56.31,56.44,55.03,350.12,
1-Mar-17,56.36,56.45,57.05,56.24,261.74,
28-Feb-17,55.59,56.02,56.15,55.23,28.35,
27-Feb-17,55.93,55.96,56.77,55.86,139.29,
24-Feb-17,55.99,56.4,56.66,55.74,164.96,
23-Feb-17,56.58,56.2,57.26,56.18,223.59,
22-Feb-17,55.84,56.74,57.01,55.64,245.16,
21-Feb-17,56.66,56.17,57.31,56.1,335.44,
20-Feb-17,56.18,55.9,56.42,55.7,209.63,
17-Feb-17,55.81,55.73,55.88,55.1,270.49,
16-Feb-17,55.65,55.74,56.24,55.13,310.84,
15-Feb-17,55.75,55.82,56.25,55.56,272.52,
14-Feb-17,55.97,55.75,56.46,55.53,254.98,
13-Feb-17,55.59,56.68,56.81,55.41,234.31,
10-Feb-17,56.7,55.66,56.88,55.59,284.71,
9-Feb-17,55.63,55.3,55.92,55.23,263.4,
8-Feb-17,55.12,54.5,55.68,54.44,409.83,
7-Feb-17,55.05,55.91,55.98,54.58,317.18,
6-Feb-17,55.72,56.85,57.13,55.65,252.7,
3-Feb-17,56.81,56.92,57.3,56.39,264.76,
2-Feb-17,56.56,56.53,57.45,56.33,297.35,
1-Feb-17,56.8,55.55,56.83,55.36,301.24,
31-Jan-17,55.7,55.25,56,54.9,28.8,
30-Jan-17,55.23,55.47,55.7,54.97,104.9,
27-Jan-17,55.52,56.09,56.5,54.86,142.07,
26-Jan-17,56.24,55.39,56.55,55.21,265.72,
25-Jan-17,55.08,55.24,55.65,54.75,275.73,
24-Jan-17,55.44,55.42,55.87,55.07,254.89,
23-Jan-17,55.23,55.7,55.75,54.65,305.85,
20-Jan-17,55.49,54.33,55.8,54.18,293.54,
19-Jan-17,54.16,54.29,54.77,53.9,346.87,
18-Jan-17,53.92,55.48,55.9,53.77,360.15,
17-Jan-17,55.47,55.74,56.95,55.4,335.73,
16-Jan-17,55.86,55.64,55.92,55.19,112.58,
13-Jan-17,55.45,56,56.21,55.28,247.09,
12-Jan-17,56.01,55.19,56.43,55.01,331.63,
11-Jan-17,55.1,53.8,55.67,53.7,419.9,
10-Jan-17,53.64,54.95,55.36,53.58,332.98,
9-Jan-17,54.94,56.81,57,54.74,266.39,
6-Jan-17,57.1,56.88,57.47,56.28,234.87,
5-Jan-17,56.89,56.35,57.35,56.01,269.61,
4-Jan-17,56.46,55.73,56.55,55.33,282.55,
3-Jan-17,55.47,57.05,58.37,55.3,340.82,
30-Dec-16,56.82,57,57.2,56.46,129.1,
29-Dec-16,56.14,56.01,56.63,55.91,49.08,
28-Dec-16,56.22,56.06,56.56,55.89,109.91,
27-Dec-16,56.09,55.18,57.15,55.04,67.84,
23-Dec-16,55.16,54.84,55.25,54.26,104.09,
22-Dec-16,55.05,54.55,55.23,54.05,194.66,
21-Dec-16,54.46,55.52,55.87,54.32,277.73,
20-Dec-16,55.35,55.02,55.92,54.75,257.02,
19-Dec-16,54.92,55.4,55.8,54.69,228.39,
16-Dec-16,55.21,54.11,55.38,53.71,229.19,
15-Dec-16,54.02,53.76,54.5,53.15,266.15,
14-Dec-16,53.9,55.16,55.81,53.52,353.97,
13-Dec-16,55.72,55.7,56.44,55.13,283.43,
12-Dec-16,55.69,55.88,57.89,55.11,372.17,
9-Dec-16,54.33,53.97,54.46,53.77,264.8,
8-Dec-16,53.89,53.15,54.05,52.81,334.18,
7-Dec-16,53,53.94,54.23,52.92,298.57,
6-Dec-16,53.93,54.5,54.94,53.51,280.65,
5-Dec-16,54.94,54.4,55.33,53.77,288.55,
2-Dec-16,54.46,53.88,54.5,52.84,312.78,
1-Dec-16,53.94,51.72,54.53,51.51,460.86,
30-Nov-16,50.47,46.54,50.49,46.51,43.12,
29-Nov-16,46.38,48.07,48.1,45.92,133.11,
28-Nov-16,48.24,46.71,48.81,46.28,207.96,
25-Nov-16,47.24,48.96,49.02,46.85,181.17,
24-Nov-16,49,49.03,49.21,48.76,71.19,
23-Nov-16,48.95,49.2,49.5,48.56,275.29,
22-Nov-16,49.12,49.25,49.96,48.14,436.93,
21-Nov-16,48.9,46.92,49.15,46.92,282.7,
18-Nov-16,46.86,46.05,46.99,45.75,249.34,
17-Nov-16,46.49,46.44,47.62,45.97,280.94,
16-Nov-16,46.63,46.88,47.56,46.25,335.48,
15-Nov-16,46.95,44.7,47.25,44.67,354.27,
14-Nov-16,44.43,44.54,44.99,43.57,260.15,
11-Nov-16,44.75,45.8,45.89,44.19,286.71,
10-Nov-16,45.84,46.36,46.92,45.56,302.45,
9-Nov-16,46.36,46.04,46.95,44.4,448.12,
8-Nov-16,46.04,46.3,46.69,45.6,320.98,
7-Nov-16,46.15,45.7,46.38,45.38,276.17,
4-Nov-16,45.58,46.43,46.56,45.08,384.56,
3-Nov-16,46.35,47.15,47.52,45.99,283.66,
2-Nov-16,46.86,47.9,48.02,46.46,366.82,
1-Nov-16,48.14,48.72,49.26,47.72,462.8,
31-Oct-16,48.3,49.41,49.72,47.98,32.21,
28-Oct-16,49.71,50.41,50.58,49.31,94.84,
27-Oct-16,50.47,50.05,50.9,49.83,138.09,
26-Oct-16,49.98,50.26,50.69,49.65,304.52,
25-Oct-16,50.79,51.44,51.83,50.22,237.73,
24-Oct-16,51.46,51.89,52.01,50.5,277.24,
21-Oct-16,51.78,51.4,51.94,51.12,249.16,
20-Oct-16,51.38,52.6,52.72,51.17,279.31,
19-Oct-16,52.67,52.13,53.14,52.09,292.95,
18-Oct-16,51.68,51.72,52.15,51.25,274.17,
17-Oct-16,51.52,51.93,52.29,51.16,247.03,
14-Oct-16,51.95,52.06,52.55,51.5,248.44,
13-Oct-16,52.03,51.6,52.15,50.92,310.65,
12-Oct-16,51.81,52.48,52.87,51.61,254.73,
11-Oct-16,52.41,53.11,53.32,52.12,373.85,
10-Oct-16,53.14,51.63,53.73,51.3,334.27,
7-Oct-16,51.93,52.72,52.84,51.33,310.02,
6-Oct-16,52.51,51.76,52.75,51.32,293.87,
5-Oct-16,51.86,51.22,52.09,51.22,302.09,
4-Oct-16,50.87,50.93,51.55,50.34,269.27,
3-Oct-16,50.89,50.02,51.14,49.74,284.26,
30-Sep-16,49.06,49.18,49.25,48.21,26.94,
29-Sep-16,49.24,48.87,49.81,47.99,114.83,
28-Sep-16,48.69,46.14,48.96,45.7,188.67,
27-Sep-16,45.97,47.06,47.28,45.63,241.18,
26-Sep-16,47.35,46.05,47.66,45.74,208.15,
23-Sep-16,45.89,47.42,48.26,45.65,306.86,
22-Sep-16,47.65,46.99,47.83,46.99,290.33,
21-Sep-16,46.83,46.45,47.14,46.38,249.08,
20-Sep-16,45.88,45.91,46.3,45.09,298.8,
19-Sep-16,45.95,46.01,46.93,45.85,209.91,
16-Sep-16,45.77,46.31,46.41,45.48,226.32,
15-Sep-16,46.59,46.06,47,45.67,320.72,
14-Sep-16,45.85,47.33,47.48,45.7,332.96,
13-Sep-16,47.1,48.17,48.22,46.96,280.02,
12-Sep-16,48.32,47.81,48.63,46.9,258.76,
9-Sep-16,48.01,49.63,49.7,47.76,262.15,
8-Sep-16,49.99,48.55,50.14,48.21,327.24,
7-Sep-16,47.98,47.2,48.56,46.97,224.23,
6-Sep-16,47.26,47.43,47.99,46.29,215.06,
5-Sep-16,47.63,46.7,49.4,46.4,287.95,
2-Sep-16,46.83,45.79,47.02,45.41,279.34,
1-Sep-16,45.45,46.98,47.24,45.32,290.04,
31-Aug-16,47.04,48.29,48.42,46.96,20.61,
30-Aug-16,48.37,49.25,49.76,48.23,124.52,
29-Aug-16,49.26,49.54,49.6,48.97,65.67,
26-Aug-16,49.92,49.66,50.76,49.12,209.62,
25-Aug-16,49.67,49.03,49.78,48.7,217.13,
24-Aug-16,49.05,49.57,49.87,48.68,280.92,
23-Aug-16,49.96,49.04,50.21,48.48,314.18,
22-Aug-16,49.16,50.7,50.7,49.07,270.37,
19-Aug-16,50.88,50.96,51.22,50.32,252.34,
18-Aug-16,50.89,49.76,51.05,49.52,268.83,
17-Aug-16,49.85,48.88,49.93,48.55,377.4,
16-Aug-16,49.23,48.22,49.36,47.9,331.86,
15-Aug-16,48.35,47.14,48.54,46.84,234.4,
12-Aug-16,46.97,46.18,47.25,45.74,258,
11-Aug-16,46.04,43.78,46.3,43.46,335.53,
10-Aug-16,44.05,44.92,45.68,43.81,284.86,
9-Aug-16,44.98,45.25,45.77,44.76,216.22,
8-Aug-16,45.39,44.34,45.71,44.24,221.51,
5-Aug-16,44.27,44.18,44.49,43.51,236.87,
4-Aug-16,44.29,43.36,44.34,42.51,276.42,
3-Aug-16,43.1,41.94,43.47,41.56,320.44,
2-Aug-16,41.8,42.23,43.18,41.51,262.56,
1-Aug-16,42.14,43.11,43.85,41.87,234.77,
29-Jul-16,42.46,42.61,42.83,41.8,21.54,
28-Jul-16,42.7,43.53,43.72,42.56,110.09,
27-Jul-16,43.47,44.55,44.91,43.27,194.57,
26-Jul-16,44.87,44.82,44.96,44.14,240.33,
25-Jul-16,44.72,45.7,45.87,44.55,188.81,
22-Jul-16,45.69,46.21,46.5,45.17,243.49,
21-Jul-16,46.2,47.17,47.56,46.05,237.48,
20-Jul-16,47.17,46.76,47.49,45.9,296.3,
19-Jul-16,46.66,46.93,47.49,46.53,214.36,
18-Jul-16,46.96,47.92,47.95,46.5,230.5,
15-Jul-16,47.61,47.03,48.25,46.65,260.43,
14-Jul-16,47.37,46.59,47.47,46.34,289.4,
13-Jul-16,46.26,48.13,48.2,46.09,299.8,
12-Jul-16,48.47,46.17,48.57,46.09,321.53,
11-Jul-16,46.25,46.49,47.1,45.9,229.28,
8-Jul-16,46.76,46.6,47.23,46.15,237.28,
7-Jul-16,46.4,49.12,49.59,46.15,328.1,
6-Jul-16,48.8,48.06,49.31,47.17,279.12,
5-Jul-16,47.96,50.03,50.05,47.54,305.74,
4-Jul-16,50.1,50.6,50.75,50.03,113.45,
1-Jul-16,50.35,49.9,50.66,49.25,248.69,
30-Jun-16,49.68,50.21,50.28,49.47,25.41,
29-Jun-16,50.61,48.84,50.74,48.62,112.96,
28-Jun-16,48.58,47.61,48.79,47.47,173.18,
27-Jun-16,47.16,48.43,48.9,46.69,243.26,
24-Jun-16,48.41,50.69,50.74,47.54,351.74,
23-Jun-16,50.91,50.14,51.18,49.89,246.95,
22-Jun-16,49.88,51.06,51.24,49.18,282.72,
21-Jun-16,50.62,50.43,51.1,49.46,256.95,
20-Jun-16,50.65,49.42,50.68,49.24,244.41,
17-Jun-16,49.17,47.28,49.4,47.25,222.73,
16-Jun-16,47.19,48.56,48.77,46.94,287.3,
15-Jun-16,48.97,49.22,49.8,48.39,298.84,
14-Jun-16,49.83,49.89,50.05,49.2,224.01,
13-Jun-16,50.35,50.42,50.79,49.61,208.81,
10-Jun-16,50.54,51.91,52.1,50.33,210.06,
9-Jun-16,51.95,52.74,52.86,51.53,213.12,
8-Jun-16,52.51,51.41,52.8,51.32,260.75,
7-Jun-16,51.44,50.46,51.54,50.28,208.82,
6-Jun-16,50.55,49.83,50.83,49.72,223.76,
3-Jun-16,49.64,49.95,50.33,49.3,227.82,
2-Jun-16,50.04,49.63,50.3,48.84,270.12,
1-Jun-16,49.72,49.65,50,48.65,266,
31-May-16,49.69,49.7,50.05,49.23,28.69,
30-May-16,49.76,49.43,49.83,48.92,23.09,
27-May-16,49.32,49.42,49.55,48.69,130.18,
26-May-16,49.59,49.76,50.51,49.25,221.26,
25-May-16,49.74,49.16,49.96,48.91,237.79,
24-May-16,48.61,48.35,49.24,47.8,211.58,
23-May-16,48.35,48.72,48.84,47.58,225.09,
20-May-16,48.72,48.9,49.39,48.07,255.58,
19-May-16,48.81,48.67,48.88,47.38,302.1,
18-May-16,48.93,49.36,49.85,48.45,319.81,
17-May-16,49.28,49.03,49.75,48.57,262.32,
16-May-16,48.97,47.8,49.47,47.77,294.38,
13-May-16,47.83,47.85,48.12,47.26,239.05,
12-May-16,48.08,47.32,48.19,46.8,353.85,
11-May-16,47.6,45.59,47.75,44.8,381.74,
10-May-16,45.52,43.49,45.7,43.33,343.21,
9-May-16,43.63,45.75,46.48,43.43,364.58,
6-May-16,45.37,45.16,46.12,44.19,283.65,
5-May-16,45.01,45.08,46.77,44.65,280.79,
4-May-16,44.62,45.21,46.01,44.19,293.82,
3-May-16,44.97,45.8,46.4,44.62,276.4,
2-May-16,45.83,47.37,47.4,45.72,168.09,
29-Apr-16,48.13,47.9,48.5,47.41,29.52,
28-Apr-16,48.14,47.1,48.19,46.74,113.08,
27-Apr-16,47.18,46.26,47.45,45.63,150.79,
26-Apr-16,45.74,44.69,46.49,44.36,199.24,
25-Apr-16,44.48,45.13,45.59,44.26,211.68,
22-Apr-16,45.11,44.75,45.9,44.3,272.85,
21-Apr-16,44.53,45.54,46.18,44.44,312.6,
20-Apr-16,45.8,43.52,45.88,42.81,297.26,
19-Apr-16,44.03,43.14,44.5,42.6,355.95,
18-Apr-16,42.91,41.8,43.43,40.1,383.37,
15-Apr-16,43.1,43.8,44.05,42.28,285.17,
14-Apr-16,43.84,44.01,44.62,43.29,234.37,
13-Apr-16,44.18,44.44,44.94,43.76,348.59,
12-Apr-16,44.69,42.7,44.81,42.56,357.35,
11-Apr-16,42.83,42,43.06,41.41,279.92,
8-Apr-16,41.94,39.68,42.01,39.62,340.22,
7-Apr-16,39.43,39.9,40.29,38.7,308.72,
6-Apr-16,39.84,38.4,39.94,38.34,323.37,
5-Apr-16,37.87,37.5,38.44,37.27,296.45,
4-Apr-16,37.69,38.69,38.92,37.5,286.65,
1-Apr-16,38.67,40.14,40.43,38.55,286.17,
31-Mar-16,39.6,39.12,40,38.74,27.8,
30-Mar-16,39.26,39.42,40.61,39.09,103.12,
29-Mar-16,39.14,40.19,40.25,38.76,149.53,
28-Mar-16,40.27,40.58,41,39.64,78.61,
24-Mar-16,40.44,40.4,40.64,39.22,203.28,
23-Mar-16,40.47,41.56,41.82,40.42,240.91,
22-Mar-16,41.79,41.47,42.08,40.97,268.21,
21-Mar-16,41.54,41.31,41.88,40.48,234.1,
18-Mar-16,41.2,41.38,42.54,41.07,286.65,
17-Mar-16,41.54,40.45,41.6,40.41,249.23,
16-Mar-16,40.33,39.14,40.44,38.83,263.87,
15-Mar-16,38.74,39.67,39.74,38.32,224.36,
14-Mar-16,39.53,40.25,40.65,38.82,264.71,
11-Mar-16,40.39,40.33,41.03,40.02,276.65,
10-Mar-16,40.05,40.89,41.01,39.63,287.78,
9-Mar-16,41.07,39.65,41.18,39.39,333.49,
8-Mar-16,39.65,40.71,41.48,39.31,352.25,
7-Mar-16,40.84,38.88,41.04,38.87,341.91,
4-Mar-16,38.72,37.04,38.95,36.82,295.79,
3-Mar-16,37.07,37.05,37.37,36.35,256.49,
2-Mar-16,36.93,36.62,37.4,36.1,278.17,
1-Mar-16,36.81,36.6,37.25,35.95,276.26,
29-Feb-16,35.97,35.1,36.23,34.83,30.24,
26-Feb-16,35.1,35.1,37,34.73,126.42,
25-Feb-16,35.29,34.39,35.74,33.29,210.57,
24-Feb-16,34.41,32.98,34.67,32.37,344,
23-Feb-16,33.27,34.54,35.11,32.9,348.08,
22-Feb-16,34.69,33.25,34.97,32.85,233.33,
19-Feb-16,33.01,33.88,34.46,32.68,287.09,
18-Feb-16,34.28,34.91,35.73,33.79,324.1,
17-Feb-16,34.5,32.54,34.99,31.82,355.92,
16-Feb-16,32.18,34.51,35.55,31.92,398.49,
15-Feb-16,33.39,32.77,34.09,32.67,160.51,
12-Feb-16,33.36,31.31,33.44,30.85,394.48,
11-Feb-16,30.06,30.83,31.35,29.92,347.59,
10-Feb-16,30.84,30.95,31.9,30.35,332.99,
9-Feb-16,30.32,33.17,33.56,30.28,305.77,
8-Feb-16,32.88,33.99,34.68,32.77,211.55,
5-Feb-16,34.06,34.39,35.14,33.81,296.57,
4-Feb-16,34.46,35.32,35.84,34.15,323.93,
3-Feb-16,35.04,32.41,35.53,32.3,396.58,
2-Feb-16,32.72,34.18,34.18,32.23,346.89,
1-Feb-16,34.24,35.85,36.25,33.92,331.87,
29-Jan-16,34.74,34.08,35,33.59,29.66,
28-Jan-16,33.89,32.84,35.84,32.56,195.14,
27-Jan-16,33.1,31.2,33.49,30.83,257.11,
26-Jan-16,31.8,30.01,32.72,29.27,335.09,
25-Jan-16,30.5,32.1,32.81,30,310.14,
22-Jan-16,32.18,29.62,32.3,29.29,407.78,
21-Jan-16,29.25,27.99,29.84,27.29,394.26,
20-Jan-16,27.88,28.66,28.75,27.1,375.4,
19-Jan-16,28.76,28.7,30.24,28.6,419.48,
18-Jan-16,28.55,28.73,29.58,27.67,211.26,
15-Jan-16,28.94,31,31.02,28.82,344.46,
14-Jan-16,31.03,30.26,31.23,29.73,16.39,
13-Jan-16,30.31,30.82,31.92,29.96,91.96,
12-Jan-16,30.86,31.54,32.38,30.34,142.53,
11-Jan-16,31.55,33.34,33.38,31.17,202.06,
8-Jan-16,33.55,34.02,34.72,32.78,206.97,
7-Jan-16,33.75,34.52,34.74,32.16,291.51,
6-Jan-16,34.23,36.64,36.67,34.13,296.86,
5-Jan-16,36.42,37.27,37.57,36.24,275.47,
4-Jan-16,37.22,37.85,38.99,36.77,321.84,
31-Dec-15,37.28,36.57,37.95,36.1,149.6,
30-Dec-15,36.46,37.29,37.55,36.35,173.51,
29-Dec-15,37.79,36.59,37.98,36.56,171.68,
28-Dec-15,36.62,37.84,37.95,36.41,84.34,
24-Dec-15,37.89,37.77,38.1,36.91,111.02,
23-Dec-15,37.36,36.37,37.88,36.28,196.98,
22-Dec-15,36.11,36.36,36.72,35.98,166.3,
21-Dec-15,36.35,36.55,36.75,36.04,175.12,
18-Dec-15,36.88,36.81,37.73,36.41,218.04,
17-Dec-15,37.06,37.6,37.93,36.75,200.85,
16-Dec-15,37.19,38.09,38.45,37.11,18.23,
15-Dec-15,38.45,37.89,39.41,37.55,73.7,
14-Dec-15,37.92,37.85,38.43,36.33,115.12,
11-Dec-15,37.93,39.55,39.74,37.36,167.31,
10-Dec-15,39.73,40.44,40.7,39.46,188.99,
9-Dec-15,40.11,40.63,41.59,39.57,284.65,
8-Dec-15,40.26,40.82,41.45,39.81,328.38,
7-Dec-15,40.73,43.26,43.26,40.6,272.44,
4-Dec-15,43,43.98,44.82,42.67,345.83,
3-Dec-15,43.84,42.77,44.69,42.61,271.48,
2-Dec-15,42.49,44.32,44.64,42.43,324.06,
1-Dec-15,44.44,44.62,45.18,44.03,301.2,
30-Nov-15,44.61,44.86,45.75,44.44,235.94,
27-Nov-15,44.86,45.57,45.63,44.79,165.31,
26-Nov-15,45.46,46.23,46.32,45,97.32,
25-Nov-15,46.17,46.04,46.5,45.03,229.11,
24-Nov-15,46.12,45.11,46.5,44.92,271.93,
23-Nov-15,44.83,44.46,45.73,43.57,291,
20-Nov-15,44.66,44.38,45.5,44.06,245.34,
19-Nov-15,44.18,44.3,44.76,43.7,201.03,
18-Nov-15,44.14,43.97,44.74,43.34,255.68,
17-Nov-15,43.57,44.7,45.1,43.5,260.7,
16-Nov-15,44.56,44.7,45.18,43.15,310.12,
13-Nov-15,43.61,44.08,44.85,43.57,28.63,
12-Nov-15,44.06,45.92,46.27,43.89,132.49,
11-Nov-15,45.81,47.08,47.73,45.62,193.34,
10-Nov-15,47.44,47.32,47.86,46.96,206.34,
9-Nov-15,47.19,47.46,48.41,47.01,202.18,
6-Nov-15,47.42,48.05,48.58,47.27,245.49,
5-Nov-15,47.98,48.84,49,47.93,228,
4-Nov-15,48.58,50.25,50.87,48.49,328.14,
3-Nov-15,50.54,48.9,50.91,48.46,283.36,
2-Nov-15,48.79,49.5,49.69,48.61,224.28,
30-Oct-15,49.56,48.66,50,48.28,238.59,
29-Oct-15,48.8,49.15,49.38,48.17,213.93,
28-Oct-15,49.05,46.91,49.23,46.61,306.6,
27-Oct-15,46.81,47.43,47.57,46.41,243.11,
26-Oct-15,47.54,48,48.33,47.3,193.98,
23-Oct-15,47.99,48.32,48.65,47.45,242.06,
22-Oct-15,48.08,47.96,48.73,47.65,201.59,
21-Oct-15,47.85,48.58,48.65,47.5,244.64,
20-Oct-15,48.71,48.83,49.2,48.22,253.33,
19-Oct-15,48.61,50.38,50.68,48.57,223.31,
16-Oct-15,50.46,50.21,50.7,49.31,225.96,
15-Oct-15,48.71,49.01,49.38,48.21,16.79,
14-Oct-15,49.15,49.22,49.52,48.71,63.28,
13-Oct-15,49.24,50.27,50.7,48.88,108.37,
12-Oct-15,49.86,52.64,53.31,49.77,166.83,
9-Oct-15,52.65,53.35,54.05,52.21,174.34,
8-Oct-15,53.05,51.76,53.52,51.28,219.94,
7-Oct-15,51.33,52.15,53.15,51.21,299.91,
6-Oct-15,51.92,49.35,52.26,48.86,303.58,
5-Oct-15,49.25,48.08,49.87,47.84,215.45,
2-Oct-15,48.13,47.99,48.5,46.93,201.59,
1-Oct-15,47.69,48.4,49.84,47.62,239.32,
30-Sep-15,48.37,47.96,49,47.79,219.89,
29-Sep-15,48.23,47.45,48.65,47.25,181.41,
28-Sep-15,47.34,48.34,48.44,47.25,188.28,
25-Sep-15,48.6,48.17,49.1,47.86,189.4,
24-Sep-15,48.17,47.88,48.47,47.4,198.04,
23-Sep-15,47.75,49.08,50.25,47.68,232.27,
22-Sep-15,49.08,48.5,49.21,47.7,185.41,
21-Sep-15,48.92,47.64,48.99,47.48,179.9,
18-Sep-15,47.47,49.26,49.75,47.16,225.72,
17-Sep-15,49.08,49.98,50.14,48.32,228.86,
16-Sep-15,49.75,48.06,50.34,47.71,288.33,
15-Sep-15,46.63,46.65,46.9,45.98,18.46,
14-Sep-15,46.37,48.08,48.35,46.26,104.06,
11-Sep-15,48.14,48.64,48.98,47.16,143.41,
10-Sep-15,48.89,47.46,48.95,46.76,192.42,
9-Sep-15,47.58,49.39,50.04,47.32,173.22,
8-Sep-15,49.52,47.76,49.85,47.64,253.29,
7-Sep-15,47.63,49.27,49.44,47.5,94.8,
4-Sep-15,49.61,50.69,51.05,49.25,221.22,
3-Sep-15,50.68,50.58,52.46,49.82,270.54,
2-Sep-15,50.5,48.62,51,47.74,324.84,
1-Sep-15,49.56,52.92,53.47,48.47,373.64,
31-Aug-15,54.15,50.05,54.32,48.25,321.32,
28-Aug-15,50.05,47.4,50.98,46.61,418.78,
27-Aug-15,47.56,43.75,47.75,43.7,333.7,
26-Aug-15,43.14,43.32,43.76,42.81,267.56,
25-Aug-15,43.21,42.79,44.5,42.68,292.1,
24-Aug-15,42.69,45.35,45.46,42.23,305.73,
21-Aug-15,45.46,46.34,46.51,45.07,231.8,
20-Aug-15,46.62,47.03,47.38,46.03,221.54,
19-Aug-15,47.16,48.5,49.11,46.78,250.81,
18-Aug-15,48.81,48.55,49.04,48.25,191.53,
17-Aug-15,48.74,48.76,49.44,48.35,195.61,
14-Aug-15,49.03,49.11,49.52,48.8,21.37,
13-Aug-15,49.22,49.82,50.39,48.85,115.92,
12-Aug-15,49.66,49.38,50.01,48.72,153.81,
11-Aug-15,49.18,50.22,51.1,48.61,223.21,
10-Aug-15,50.41,48.43,50.49,48.24,208.26,
7-Aug-15,48.61,49.62,50.06,48.42,245.82,
6-Aug-15,49.52,49.72,49.83,48.88,236.36,
5-Aug-15,49.59,50.14,50.99,49.02,280.76,
4-Aug-15,49.99,49.7,50.45,49.58,221.65,
3-Aug-15,49.52,51.55,52.01,49.36,306.5,
31-Jul-15,52.21,53.43,53.47,51.63,212.82,
30-Jul-15,53.31,53.6,54.38,53.02,217.29,
29-Jul-15,53.38,52.99,54.33,52.51,290.43,
28-Jul-15,53.3,53.08,54.08,52.28,290.6,
27-Jul-15,53.47,54.45,54.89,52.83,226.37,
24-Jul-15,54.62,55.39,55.6,54.3,195.04,
23-Jul-15,55.27,56.04,56.53,55.1,207.13,
22-Jul-15,56.13,56.88,56.9,55.92,221.46,
21-Jul-15,57.04,56.55,57.44,56.33,188.88,
20-Jul-15,56.65,57.12,57.44,56.33,161.06,
17-Jul-15,57.1,56.93,57.35,56.4,157.13,
16-Jul-15,57.51,57.31,58.21,56.95,14.29,
15-Jul-15,57.05,58.63,58.81,56.86,79.69,
14-Jul-15,58.51,57.71,58.82,56.43,143.12,
13-Jul-15,57.85,58.35,58.83,56.84,176.87,
10-Jul-15,58.73,58.49,59.66,57.86,154.37,
9-Jul-15,58.61,57.1,59.27,57.01,277.59,
8-Jul-15,57.05,57.25,57.75,55.87,301.11,
7-Jul-15,56.85,56.85,57.83,55.1,331.59,
6-Jul-15,56.54,60,60,56.38,294.89,
3-Jul-15,60.32,61.73,62.06,60.12,107.25,
2-Jul-15,62.07,61.92,63.2,61.75,206,
1-Jul-15,62.01,63.02,63.35,61.84,266.62,
30-Jun-15,63.59,61.77,63.83,61.71,256.88,
29-Jun-15,62.01,62.85,62.96,61.35,266.55,
26-Jun-15,63.26,63.34,63.62,62.5,212.12,
25-Jun-15,63.2,63.5,63.95,62.72,213.75,
24-Jun-15,63.49,64.66,65.05,63.01,256.39,
23-Jun-15,64.45,63.21,64.89,62.76,266.02,
22-Jun-15,63.34,62.57,63.74,62.1,216.39,
19-Jun-15,63.02,64.2,64.56,62.34,216.17,
18-Jun-15,64.26,63.74,64.96,63.44,217.21,
17-Jun-15,63.87,63.6,65.47,62.6,331.88,
16-Jun-15,63.7,63.8,64.41,63.42,279.74,
15-Jun-15,62.61,63.62,63.96,62.24,26.68,
12-Jun-15,63.87,64.87,64.95,63.68,101.41,
11-Jun-15,65.11,65.57,66.06,64.5,113.46,
10-Jun-15,65.7,65.04,66.36,64.88,210.4,
9-Jun-15,64.88,62.81,65.23,62.72,223.36,
8-Jun-15,62.69,63.06,63.38,62.47,205.4,
5-Jun-15,63.31,62.08,63.43,60.94,248.87,
4-Jun-15,62.03,63.81,64.08,61.78,235.21,
3-Jun-15,63.8,65.38,65.4,63.5,262.66,
2-Jun-15,65.49,64.9,65.88,64.58,245.91,
1-Jun-15,64.88,65.59,65.8,64.25,217.98,
29-May-15,65.56,62.89,65.83,62.68,278.46,
28-May-15,62.58,62.2,62.95,61.24,238.59,
27-May-15,62.06,63.89,64.67,61.96,257.06,
26-May-15,63.72,65.7,65.7,63.29,224.13,
25-May-15,65.52,65.56,66.22,64.72,41.14,
22-May-15,65.37,66.59,66.64,65.1,184.55,
21-May-15,66.54,64.89,66.88,64.83,250.91,
20-May-15,65.03,64.49,65.18,64.1,210.4,
19-May-15,64.02,66.19,66.39,63.95,253.35,
18-May-15,66.27,66.91,67.88,65.92,198.22,
15-May-15,66.81,66.75,67,65.37,206.14,
14-May-15,66.59,66.54,67.29,66.25,23.19,
13-May-15,66.81,67.32,68.17,66.41,120.83,
12-May-15,66.86,64.77,67.46,64.68,183.27,
11-May-15,64.91,65.37,65.75,64.25,202.51,
8-May-15,65.39,65.64,66.12,64.23,248.59,
7-May-15,65.54,67.37,68.49,65.17,292.89,
6-May-15,67.77,67.71,69.63,67.35,296.74,
5-May-15,67.52,66.33,68.4,66.14,255.64,
4-May-15,66.45,66.4,67.1,65.95,120.21,
1-May-15,66.46,66.78,66.93,65.52,189.32,
30-Apr-15,66.78,65.63,66.93,65.37,223.48,
29-Apr-15,65.84,64.64,66.72,64.13,238.44,
28-Apr-15,64.64,64.74,65.49,63.9,196.46,
27-Apr-15,64.83,65.47,65.61,64.4,189.77,
24-Apr-15,65.28,64.75,65.8,64.48,259.49,
23-Apr-15,64.85,62.88,65.58,62.22,326.74,
22-Apr-15,62.73,61.9,63.33,61.39,230.06,
21-Apr-15,62.08,63.52,63.52,61.65,218.31,
20-Apr-15,63.45,63.85,64.4,62.1,239.8,
17-Apr-15,63.45,64.02,64.5,62.95,220.12,
16-Apr-15,63.98,62.9,64.95,62,293.49,
15-Apr-15,60.32,58.74,60.45,58.74,21.18,
14-Apr-15,58.43,58.17,59.24,57.76,106.8,
13-Apr-15,57.93,58.02,59.54,57.46,119.32,
10-Apr-15,57.87,56.84,58.12,56.25,137.66,
9-Apr-15,56.57,56.1,58.02,55.97,174.81,
8-Apr-15,55.55,58.3,58.72,55.45,250.56,
7-Apr-15,59.1,57.8,59.27,57.02,236.71,
6-Apr-15,58.12,55.18,58.24,55.08,126.8,
2-Apr-15,54.95,56.72,57.28,54,288.97,
1-Apr-15,57.1,55.18,57.69,54.7,256.9,
31-Mar-15,55.11,56.31,56.33,54.72,238.49,
30-Mar-15,56.29,55.96,56.65,55.2,220.11,
27-Mar-15,56.41,58.97,59.04,55.95,223.86,
26-Mar-15,59.19,56.35,59.78,56.3,334.87,
25-Mar-15,56.48,55.09,57.17,54.7,256.04,
24-Mar-15,55.11,55.83,56.79,54.85,197.48,
23-Mar-15,55.92,55.24,56.19,54.12,191.64,
20-Mar-15,55.32,54.46,55.67,53.55,186.67,
19-Mar-15,54.43,56.18,56.2,53.91,209.65,
18-Mar-15,55.91,53.28,56.84,52.68,262.44,
17-Mar-15,53.51,54.1,54.38,52.57,240.29,
16-Mar-15,53.44,54.41,54.64,52.5,15.64,
13-Mar-15,54.67,57.03,57.4,54.43,84.09,
12-Mar-15,57.08,57.92,58.81,56.51,129.73,
11-Mar-15,57.54,56.45,57.95,55.92,176.06,
10-Mar-15,56.39,58.37,58.72,56.12,191.78,
9-Mar-15,58.53,59.62,60.02,58.38,194.78,
6-Mar-15,59.73,60.75,61.3,59.17,181.48,
5-Mar-15,60.48,60.6,61.57,60.08,215.12,
4-Mar-15,60.55,60.85,60.94,59.47,260.54,
3-Mar-15,61.02,60,61.81,59.84,281.78,
2-Mar-15,59.54,62.5,62.5,59.34,286.07,
27-Feb-15,62.58,60.75,62.83,60.51,255.02,
26-Feb-15,60.05,61.85,62.63,59.66,261.45,
25-Feb-15,61.63,58.75,61.73,58.41,279.65,
24-Feb-15,58.66,59.09,60.3,58.1,245.52,
23-Feb-15,58.9,60.3,60.67,58.37,268.64,
20-Feb-15,60.22,60.2,61.15,59.82,221.76,
19-Feb-15,60.21,59.54,60.99,57.8,303.86,
18-Feb-15,60.53,62.3,62.46,60.09,224.1,
17-Feb-15,62.53,61.68,63,60.27,277.97,
16-Feb-15,61.4,61.49,62.57,60.71,171.27,
13-Feb-15,61.52,59.27,61.77,59.08,348.8,
12-Feb-15,57.05,55.12,57.5,54.72,16.21,
11-Feb-15,54.66,56.81,57,53.91,116.81,
10-Feb-15,56.43,57.79,58.57,56.11,157.17,
9-Feb-15,58.34,57.93,59.61,57.3,213.52,
6-Feb-15,57.8,56.74,59.06,56.71,253.31,
5-Feb-15,56.57,54.8,57.87,53.07,338.82,
4-Feb-15,54.16,57.19,58.06,53.5,359.74,
3-Feb-15,57.91,55,59,54.84,414.59,
2-Feb-15,54.75,52.68,55.62,51.41,402.07,
30-Jan-15,52.99,49.15,53.08,48.76,335.02,
29-Jan-15,49.13,48.69,49.25,48.37,236.63,
28-Jan-15,48.47,49.1,49.72,48.29,275.15,
27-Jan-15,49.6,48.25,49.99,47.67,249.57,
26-Jan-15,48.16,48.56,49.29,47.57,241.38,
23-Jan-15,48.79,49.11,49.8,48.55,245.34,
22-Jan-15,48.52,48.6,50.45,48.02,321.47,
21-Jan-15,49.03,48.29,49.59,48.21,268.65,
20-Jan-15,47.99,48.91,49.48,47.78,259.58,
19-Jan-15,48.84,50.1,50.35,48.68,106.77,
16-Jan-15,50.17,48.25,50.41,48.07,293.49,
15-Jan-15,47.67,48.68,50.62,47,17.93,
14-Jan-15,48.69,46.84,49.21,45.59,122.34,
13-Jan-15,46.59,47.06,47.29,45.19,208.06,
12-Jan-15,47.43,49.93,49.98,47.16,223.92,
9-Jan-15,50.11,51.25,51.44,48.9,285.72,
8-Jan-15,50.96,51.06,51.91,49.81,243.42,
7-Jan-15,51.15,51.15,51.84,49.66,318.28,
6-Jan-15,51.1,53.2,53.6,50.52,338.88,
5-Jan-15,53.11,56.25,56.3,52.66,289.89,
2-Jan-15,56.42,58.02,58.54,55.48,177.98,
31-Dec-14,57.33,57.35,57.68,55.81,148.14,
30-Dec-14,57.9,57.93,58.39,56.74,154.11,
29-Dec-14,57.88,59.65,60.43,57.37,155.11,
26-Dec-14,59.45,60.19,60.97,59.21,48.78,
24-Dec-14,60.24,61.63,61.71,59.37,108.67,
23-Dec-14,61.69,60.24,62.14,59.84,159.86,
22-Dec-14,60.11,61.99,62.97,59.84,195.79,
19-Dec-14,61.38,59.85,62.66,59.05,222.07,
18-Dec-14,59.27,60.94,63.7,59.17,294.89,
17-Dec-14,61.18,59.9,63.4,58.71,304.05,
16-Dec-14,59.86,60.65,61.01,58.5,19.7,
15-Dec-14,61.06,61.2,63.25,60.2,107.89,
12-Dec-14,61.85,63.01,63.66,61.35,153.89,
11-Dec-14,63.68,64.47,65.13,63.05,185.63,
10-Dec-14,64.24,66.25,66.36,63.56,249.64,
9-Dec-14,66.84,66,67.04,65.29,190.52,
8-Dec-14,66.19,68.79,68.79,65.93,191.67,
5-Dec-14,69.07,69.53,69.82,68.1,196.04,
4-Dec-14,69.64,70.15,70.6,68.81,190.55,
3-Dec-14,69.92,70.95,71.46,69.5,244.86,
2-Dec-14,70.54,72.51,73.03,70.4,252.52,
1-Dec-14,72.54,70.15,73.02,67.53,369.85,
28-Nov-14,70.15,72.58,73.41,69.78,262.03,
27-Nov-14,72.58,77.4,77.46,71.25,244.65,
26-Nov-14,77.75,78.28,78.86,77.3,202.19,
25-Nov-14,78.33,79.45,80.44,78.05,256.83,
24-Nov-14,79.68,80.5,80.85,79.4,151.15,
21-Nov-14,80.36,79.95,81.61,79.07,264.61,
20-Nov-14,79.33,78.16,79.95,77.56,206.38,
19-Nov-14,78.1,78.41,79.45,78.04,247.15,
18-Nov-14,78.47,79.01,79.95,78.21,209.55,
17-Nov-14,79.31,79.5,79.6,77.94,189.08,
14-Nov-14,79.41,77.67,79.75,76.76,267.61,
13-Nov-14,77.92,79.97,80.2,77.83,21.79,
12-Nov-14,80.38,81.25,81.65,79.72,116.12,
11-Nov-14,81.67,82.13,82.38,80.46,213.42,
10-Nov-14,82.34,83.26,84.97,81.88,219.91,
7-Nov-14,83.39,82.67,83.86,82.16,195.44,
6-Nov-14,82.86,83.1,83.27,82.05,224.78,
5-Nov-14,82.95,82.78,84.45,81.63,364.45,
4-Nov-14,82.82,84.21,84.43,82.08,313.67,
3-Nov-14,84.78,85.85,86.4,84.01,248.17,
31-Oct-14,85.86,86.02,86.25,84.6,225.37,
30-Oct-14,86.24,86.93,87.1,85.71,191.86,
29-Oct-14,87.12,86.1,87.94,86.06,243.75,
28-Oct-14,86.03,85.5,86.38,85.08,198.83,
27-Oct-14,85.83,86.08,86.25,84.55,228.43,
24-Oct-14,86.13,86.78,86.78,85.29,208.22,
23-Oct-14,86.83,84.71,87.19,84.12,306.98,
22-Oct-14,84.71,86.46,87.07,84.47,264.81,
21-Oct-14,86.22,85.13,86.49,85.1,258.39,
20-Oct-14,85.4,86.35,86.7,84.41,247.6,
17-Oct-14,86.16,86.5,87.34,85.49,280.47,
16-Oct-14,84.47,83.45,85,82.6,14.94,
15-Oct-14,83.78,85.54,85.62,83.02,86.48,
14-Oct-14,85.04,88.23,88.74,84.48,141.66,
13-Oct-14,88.89,89.89,90.18,87.74,146.53,
10-Oct-14,90.21,89.1,90.49,88.11,197.68,
9-Oct-14,90.05,91.62,91.85,88.42,216.47,
8-Oct-14,91.38,91.89,91.89,90.57,207.63,
7-Oct-14,92.11,92.81,92.99,91.4,222.63,
6-Oct-14,92.79,91.9,93.21,91.25,203.6,
3-Oct-14,92.31,93.75,94.06,91.48,239.6,
2-Oct-14,93.42,94.3,94.37,91.55,285.9,
1-Oct-14,94.16,94.77,96.23,93.78,247.99,
30-Sep-14,94.67,97.15,97.8,94.24,261.95,
29-Sep-14,97.2,96.81,97.34,96.27,170.23,
26-Sep-14,97,97.11,97.5,96.46,165.6,
25-Sep-14,97,97.03,97.56,96.22,190.33,
24-Sep-14,96.95,96.89,97.33,95.6,216.74,
23-Sep-14,96.85,96.91,97.59,96.55,192.36,
22-Sep-14,96.97,98.5,98.5,96.38,171.14,
19-Sep-14,98.39,97.65,98.49,97.18,158.39,
18-Sep-14,97.7,98.69,99.14,97.42,193.58,
17-Sep-14,98.97,98.95,99.61,98.51,190.17,
16-Sep-14,99.05,97.96,99.45,97.44,199.77,
15-Sep-14,96.65,96.9,97.33,96.21,19.95,
12-Sep-14,97.11,98.25,98.8,96.83,103.49,
11-Sep-14,98.08,98.12,98.49,96.72,144.79,
10-Sep-14,98.04,99.35,99.47,97.6,203.28,
9-Sep-14,99.16,100.2,100.62,99.03,172.5,
8-Sep-14,100.2,100.8,101,99.36,197.61,
5-Sep-14,100.82,101.87,102.44,100.35,202.14,
4-Sep-14,101.83,102.41,102.95,101.7,218.44,
3-Sep-14,102.77,100.4,103.13,100.4,233.64,
2-Sep-14,100.34,102.64,102.86,100.17,243.85,
1-Sep-14,102.79,102.95,103.3,102.56,73.33,
29-Aug-14,103.19,102.51,103.3,102.49,169.33,
28-Aug-14,102.46,102.54,103.2,102.25,184.78,
27-Aug-14,102.72,102.42,103.07,102.05,146.23,
26-Aug-14,102.5,102.71,103.4,102.35,149.83,
25-Aug-14,102.65,102.1,102.82,101.65,82.94,
22-Aug-14,102.29,102.67,102.83,102,132.51,
21-Aug-14,102.63,102.14,102.79,101.21,179.61,
20-Aug-14,102.28,101.5,102.37,101.44,166.19,
19-Aug-14,101.56,101.62,102.07,101.07,177.1,
18-Aug-14,101.6,103.21,103.3,101.11,181.1,
15-Aug-14,103.53,102.05,103.76,102.05,199.63,
14-Aug-14,102.01,104.06,104.33,101.92,18.57,
13-Aug-14,104.28,102.84,104.35,102.37,99.1,
12-Aug-14,103.02,104.5,104.61,102.65,139.91,
11-Aug-14,104.68,105,105.43,104.35,143.61,
8-Aug-14,105.02,105.67,106.85,104.67,203.74,
7-Aug-14,105.44,104.64,105.92,104.16,189.82,
6-Aug-14,104.59,104.88,105.44,104.54,204.92,
5-Aug-14,104.61,105.5,105.65,104.07,209.18,
4-Aug-14,105.41,104.82,105.71,104.52,207.79,
1-Aug-14,104.84,105.6,106.12,104.39,216.36,
31-Jul-14,106.02,106.06,106.59,105.41,234.55,
30-Jul-14,106.51,107.5,107.86,105.84,218.39,
29-Jul-14,107.72,107.46,108.05,107.13,176.64,
28-Jul-14,107.57,108.3,108.38,107.01,139.52,
25-Jul-14,108.39,107.2,108.46,106.73,253.17,
24-Jul-14,107.07,108.15,108.21,106.83,179.57,
23-Jul-14,108.03,106.87,108.25,106.87,207.15,
22-Jul-14,107.33,107.8,108.4,106.83,183.1,
21-Jul-14,107.68,107.15,107.87,106.79,211.7,
18-Jul-14,107.24,108.5,108.62,106.94,210.88,
17-Jul-14,107.89,107.13,108.6,106.8,296.51,
16-Jul-14,105.85,105.9,106.58,105.72,11.52,
15-Jul-14,106.02,106.81,106.9,104.39,63.86,
14-Jul-14,106.98,106.42,107.5,106.21,99.2,
11-Jul-14,106.66,108.58,108.74,106.27,171.04,
10-Jul-14,108.67,108.15,108.88,107.76,152.47,
9-Jul-14,108.28,108.97,109,108.12,173.18,
8-Jul-14,108.94,110,110.16,108.69,232.73,
7-Jul-14,110.24,110.65,110.92,109.88,152.51,
4-Jul-14,110.64,111.05,111.29,110.56,71.85,
3-Jul-14,111,111,111.17,110.53,218.98,
2-Jul-14,111.24,112.19,112.42,110.92,269.76,
1-Jul-14,112.29,112.5,112.83,111.85,229.19,
30-Jun-14,112.36,113.3,113.3,112.16,221.84,
27-Jun-14,113.3,113.07,113.71,112.9,135.71,
26-Jun-14,113.21,114.24,114.29,113,180.86,
25-Jun-14,114,114.31,114.65,113.23,211.91,
24-Jun-14,114.46,113.9,114.83,113.55,230.49,
23-Jun-14,114.12,114.99,115.66,113.86,220.72,
20-Jun-14,114.81,114.92,115.11,114.43,198.84,
19-Jun-14,115.06,114.22,115.71,114.15,250.24,
18-Jun-14,114.26,113.46,114.54,113.05,240.75,
17-Jun-14,113.45,112.97,113.8,112.16,240.52,
16-Jun-14,112.94,112.73,113.28,112.33,175.9,
13-Jun-14,113.41,113.75,114.69,112.75,16.05,
12-Jun-14,113.02,110.09,113.34,110,133.07,
11-Jun-14,109.95,109.61,110.25,109.44,131.57,
10-Jun-14,109.52,109.95,110.32,109.1,214.92,
9-Jun-14,109.99,108.68,110.16,108.55,189.21,
6-Jun-14,108.61,108.85,109.31,108.46,155,
5-Jun-14,108.79,108.13,108.96,107.77,193.33,
4-Jun-14,108.4,108.89,109.5,108.07,211.09,
3-Jun-14,108.82,108.8,108.98,108.32,177.67,
2-Jun-14,108.83,109.7,109.87,108.62,194.25,
30-May-14,109.41,110.02,110.13,109.22,175.05,
29-May-14,109.97,109.89,110.46,109.72,174.68,
28-May-14,109.81,110.22,110.4,109.41,175.31,
27-May-14,110.02,110.35,110.8,109.71,173.41,
26-May-14,110.32,110.4,110.55,109.75,29.31,
23-May-14,110.54,110.38,110.7,110.25,143.66,
22-May-14,110.36,110.49,111.04,110.17,200.09,
21-May-14,110.55,109.76,110.73,109.7,220,
20-May-14,109.69,109.33,110,109.1,172.79,
19-May-14,109.37,109.82,110.33,109.3,171.71,
16-May-14,109.75,108.96,110.05,108.88,229.93,
15-May-14,110.44,110.21,110.6,109.75,20.37,
14-May-14,110.19,109.39,110.41,109.32,115.26,
13-May-14,109.24,108.37,109.46,108.05,130.64,
12-May-14,108.41,107.94,108.77,107.94,145.65,
9-May-14,107.89,108.08,109.02,107.64,179.23,
8-May-14,108.04,108.07,108.15,107.38,163.88,
7-May-14,108.13,107.17,108.25,106.96,217.14,
6-May-14,107.06,107.53,108.21,106.97,194.54,
5-May-14,107.72,108.92,108.92,107.05,139.53,
2-May-14,108.59,107.72,108.99,107.6,215.15,
1-May-14,107.76,108.08,108.12,106.85,186.88,
30-Apr-14,108.07,108.8,108.8,107.55,213.56,
29-Apr-14,108.98,108.13,109.37,108,206.5,
28-Apr-14,108.12,109.5,110.2,107.86,246.47,
25-Apr-14,109.58,110.33,110.63,109.25,216.21,
24-Apr-14,110.33,109.22,110.65,109.07,215.43,
23-Apr-14,109.11,109.5,109.54,108.6,181.74,
22-Apr-14,109.27,109.94,109.99,108.53,201.11,
21-Apr-14,109.95,109.76,110.05,108.89,71.87,
17-Apr-14,109.53,109.6,110.19,109.08,163.99,
16-Apr-14,109.6,109.43,110.36,109,229.36,
15-Apr-14,108.74,108.92,109.11,108.27,19.55,
14-Apr-14,109.07,107.42,109.12,107.26,95.83,
11-Apr-14,107.33,107.35,107.87,106.98,105.4,
10-Apr-14,107.46,107.9,107.92,107.26,124.82,
9-Apr-14,107.98,107.5,108.14,107.12,144.72,
8-Apr-14,107.67,105.97,107.85,105.78,193.36,
7-Apr-14,105.82,106.35,106.63,105.13,215.2,
4-Apr-14,106.72,106.17,107.04,106.1,184.07,
3-Apr-14,106.15,104.59,106.32,104.45,220.54,
2-Apr-14,104.79,105.32,105.85,103.95,271.6,
1-Apr-14,105.62,107.66,107.8,105.1,195.03,
31-Mar-14,107.76,108,108.33,107.05,145.62,
28-Mar-14,108.07,107.73,108.39,107.62,140.35,
27-Mar-14,107.83,107,107.99,106.77,184.83,
26-Mar-14,107.03,106.97,107.35,106.48,166.38,
25-Mar-14,106.99,106.59,107.48,106.44,167.09,
24-Mar-14,106.81,107.01,107.5,106.45,142.79,
21-Mar-14,106.92,106.22,107.77,106.01,167.8,
20-Mar-14,106.45,105.9,106.75,105.41,205.21,
19-Mar-14,105.85,106.6,106.87,105.71,188.48,
18-Mar-14,106.79,106.4,106.85,105.85,170.58,
17-Mar-14,106.24,108.55,108.6,106.16,166.23,
14-Mar-14,108.57,107.25,108.69,107.24,12.88,
13-Mar-14,107.39,108.26,108.51,106.98,86.26,
12-Mar-14,108.02,108.41,108.55,107.61,159.23,
11-Mar-14,108.55,107.88,108.7,107.83,146.85,
10-Mar-14,108.08,108.73,108.85,107.75,149.34,
7-Mar-14,109,108.3,109.09,107.82,172.05,
6-Mar-14,108.1,107.66,108.54,107.37,228.72,
5-Mar-14,107.76,109.17,109.36,107.55,220.18,
4-Mar-14,109.3,111.16,111.32,109,218.5,
3-Mar-14,111.2,109.44,112.39,109.26,291.31,
28-Feb-14,109.07,108.85,109.34,108.4,189.56,
27-Feb-14,108.96,109.41,109.45,108.65,192.91,
26-Feb-14,109.52,109.56,109.97,109.2,186.71,
25-Feb-14,109.51,110.64,110.64,109.42,198.16,
24-Feb-14,110.64,109.65,110.77,109.5,202.52,
21-Feb-14,109.85,110.5,110.5,109.35,154.9,
20-Feb-14,110.3,110.39,110.49,109.58,151.21,
19-Feb-14,110.47,110.55,110.82,110.02,163.34,
18-Feb-14,110.46,109.07,110.7,108.84,150.35,
17-Feb-14,109.18,109.13,109.4,108.64,56.87,
14-Feb-14,109.08,108.58,109.25,107.85,146.75,
13-Feb-14,108.73,108.68,108.84,108.09,18.08,
12-Feb-14,108.79,108.78,109.5,108.47,105.89,
11-Feb-14,108.68,108.52,109.24,108.47,137.26,
10-Feb-14,108.63,109.75,109.75,108.4,162.66,
7-Feb-14,109.57,107.32,109.74,106.88,215.63,
6-Feb-14,107.19,106.28,107.48,106.15,205.08,
5-Feb-14,106.25,106.09,106.44,105.58,193.78,
4-Feb-14,105.78,105.85,106.23,105.49,186.44,
3-Feb-14,106.04,106.4,106.72,105.4,264.73,
31-Jan-14,106.4,107.75,107.94,106.3,231.46,
30-Jan-14,107.95,107.85,108.4,107.65,188.73,
29-Jan-14,107.85,107.36,108.05,106.93,207.31,
28-Jan-14,107.41,106.86,107.79,106.76,188.3,
27-Jan-14,106.69,107.91,108.09,106.45,203.3,
24-Jan-14,107.88,107.58,108.03,106.23,244.56,
23-Jan-14,107.58,108.14,108.28,107.37,241.8,
22-Jan-14,108.27,106.9,108.33,106.78,184,
21-Jan-14,106.73,106.35,108,106.28,254.31,
20-Jan-14,106.35,106.28,106.65,105.81,103.66,
17-Jan-14,106.48,105.55,106.95,105.44,198.42,
16-Jan-14,107.09,106.82,107.35,106.44,14.56,
15-Jan-14,107.13,106.17,107.55,105.8,70.78,
14-Jan-14,106.39,106.62,107.14,106.06,111.28,
13-Jan-14,106.75,107.25,107.64,106.36,151.8,
10-Jan-14,107.25,106.44,107.58,106.03,198.57,
9-Jan-14,106.39,107.35,108.2,106.12,175.37,
8-Jan-14,107.15,107.49,107.95,107,185.54,
7-Jan-14,107.35,107.03,107.72,106.88,188.2,
6-Jan-14,106.73,106.8,107.96,106.58,181.82,
3-Jan-14,106.89,107.88,108.64,106.79,191.13,
2-Jan-14,107.78,111,111.35,107.65,200.65,
1-Jan-14,110.92,110.92,110.92,110.92,-,
31-Dec-13,110.8,111.18,111.52,110.4,84.99,
30-Dec-13,111.21,112.2,112.64,110.9,111.07,
27-Dec-13,112.18,111.95,112.8,111.5,126.91,
26-Dec-13,111.98,111.99,112.12,111.46,43.62,
24-Dec-13,111.9,111.61,112.06,111.42,52.16,
23-Dec-13,111.56,111.55,111.93,111.27,103.72,
20-Dec-13,111.77,110.09,111.89,109.87,169.48,
19-Dec-13,110.29,109.25,110.53,109.14,159.79,
18-Dec-13,109.63,108.33,109.73,107.8,187.96,
17-Dec-13,108.44,109.2,109.41,108.2,149.78,
16-Dec-13,110.47,109.15,110.8,109,23.61,
13-Dec-13,108.83,108.53,109,108.02,98.1,
12-Dec-13,108.67,109.52,109.98,108.44,128.31,
11-Dec-13,109.7,109.45,109.89,108.62,158.72,
10-Dec-13,109.38,109.31,110.45,108.55,230.62,
9-Dec-13,109.39,111.69,111.79,109,202.85,
6-Dec-13,111.61,111.07,112.06,110.94,155.52,
5-Dec-13,110.98,111.65,112.23,110.76,191.78,
4-Dec-13,111.88,112.91,113.02,111.46,235.28,
3-Dec-13,112.62,111.53,112.93,111.04,217.61,
2-Dec-13,111.45,109.6,112.34,109.28,266.95,
29-Nov-13,109.69,111.04,111.5,109.62,126.88,
28-Nov-13,110.86,111.4,111.55,110.61,61.68,
27-Nov-13,111.31,111,111.65,110.51,193.98,
26-Nov-13,110.88,111.08,111.49,110.41,199.75,
25-Nov-13,111,109,111.66,108.05,278.78,
22-Nov-13,111.05,110.07,111.4,109.65,276.25,
21-Nov-13,110.08,107.76,110.25,107.62,253.96,
20-Nov-13,108.06,107.2,108.38,106.51,220.19,
19-Nov-13,106.92,108.3,108.63,106.81,224.43,
18-Nov-13,108.47,108.5,108.73,107.53,185.49,
15-Nov-13,108.5,108.38,108.65,107.69,198.64,
14-Nov-13,108.54,107.17,108.96,107.15,20.85,
13-Nov-13,107.12,105.93,107.45,105.89,114,
12-Nov-13,105.81,106.4,107.38,105.51,156.69,
11-Nov-13,106.4,105.17,106.56,105.15,172.68,
8-Nov-13,105.12,103.53,105.38,102.98,242.7,
7-Nov-13,103.46,105,105.21,103.24,291.12,
6-Nov-13,105.24,105.64,106.41,104.86,243.84,
5-Nov-13,105.33,106.25,106.53,105.19,186.82,
4-Nov-13,106.23,105.78,106.58,105.13,230.57,
1-Nov-13,105.91,109.05,109.41,105.78,298.58,
31-Oct-13,108.84,109.69,109.87,108.55,238.84,
30-Oct-13,109.86,108.76,110.16,108.59,234.6,
29-Oct-13,109.01,109.41,109.46,108.45,185.01,
28-Oct-13,109.61,107.04,109.68,106.85,266.18,
25-Oct-13,106.93,107.09,107.39,106.27,212.28,
24-Oct-13,106.99,107.65,108.26,106.9,242.3,
23-Oct-13,107.8,109.99,110.06,107.35,324.61,
22-Oct-13,109.97,109.76,110.94,109.57,238.66,
21-Oct-13,109.64,109.96,110.19,109.21,190.11,
18-Oct-13,109.94,109.13,110.24,108.95,181.54,
17-Oct-13,109.11,110.57,110.66,108.71,233.73,
16-Oct-13,110.86,109.45,111.23,109.45,15.37,
15-Oct-13,109.96,111.08,111.27,109.53,93.75,
14-Oct-13,111.04,110.87,111.41,109.87,106.79,
11-Oct-13,111.28,111.65,111.85,110.51,141.35,
